as_of,type,symbol,amount,shares,price,detail,actor,ref
2020-01-02,purification_post,,-5.66000092488453,,,ex-date impure dividend,session,
2020-01-02,fill,A,-3953.6998596191406,46.0,85.94999694824219,buy,session,2020-01-02-f4f16a69
2020-01-02,fill,ABBV,-19253.25065612793,215.0,89.55000305175781,buy,session,2020-01-02-f4f16a69
2020-01-02,fill,ACN,-19964.249420166016,95.0,210.1499938964844,buy,session,2020-01-02-f4f16a69
2020-01-02,fill,ADBE,-23410.099487304688,70.0,334.42999267578125,buy,session,2020-01-02-f4f16a69
2020-01-02,fill,ADI,-6382.790016174316,53.0,120.43000030517578,buy,session,2020-01-02-f4f16a69
2020-01-02,fill,ADSK,-6010.56005859375,32.0,187.8300018310547,buy,session,2020-01-02-f4f16a69
2020-01-02,fill,ALGN,-3120.4799194335938,11.0,283.67999267578125,buy,session,2020-01-02-f4f16a69
2020-01-02,fill,AMAT,-8210.400100708008,132.0,62.20000076293945,buy,session,2020-01-02-f4f16a69
2020-01-02,fill,AMCR,-9407.550270080566,177.0,53.150001525878906,buy,session,2020-01-02-f4f16a69
2020-01-02,fill,AMGN,-21128.80053710937,88.0,240.1000061035156,buy,session,2020-01-02-f4f16a69
2020-01-02,fill,AMT,-14852.5,65.0,228.5,buy,session,2020-01-02-f4f16a69
2020-01-02,fill,AZO,-4758.9599609375,4.0,1189.739990234375,buy,session,2020-01-02-f4f16a69
2020-01-02,fill,BIIB,-7944.479736328125,27.0,294.239990234375,buy,session,2020-01-02-f4f16a69
2020-01-02,fill,BR,-2104.259979248047,17.0,123.77999877929688,buy,session,2020-01-02-f4f16a69
2020-01-02,fill,CBOE,-1912.3199462890625,16.0,119.5199966430664,buy,session,2020-01-02-f4f16a69
2020-01-02,fill,CDNS,-2857.60009765625,40.0,71.44000244140625,buy,session,2020-01-02-f4f16a69
2020-01-02,fill,CLX,-2746.980010986328,18.0,152.61000061035156,buy,session,2020-01-02-f4f16a69
2020-01-02,fill,CME,-10496.200317382812,52.0,201.8500061035156,buy,session,2020-01-02-f4f16a69
2020-01-02,fill,COP,-10473.599853515623,160.0,65.45999908447266,buy,session,2020-01-02-f4f16a69
2020-01-02,fill,CPAY,-3740.619873046875,13.0,287.739990234375,buy,session,2020-01-02-f4f16a69
2020-01-02,fill,CPRT,-771.2100276947021,33.0,23.3700008392334,buy,session,2020-01-02-f4f16a69
2020-01-02,fill,CRM,-20873.750686645508,125.0,166.99000549316406,buy,session,2020-01-02-f4f16a69
2020-01-02,fill,CSCO,-29826.718872070312,616.0,48.41999816894531,buy,session,2020-01-02-f4f16a69
2020-01-02,fill,DRI,-1908.420036315918,17.0,112.26000213623048,buy,session,2020-01-02-f4f16a69
2020-01-02,fill,EL,-11138.03970336914,54.0,206.259994506836,buy,session,2020-01-02-f4f16a69
2020-01-02,fill,EQT,-404.0399866104126,39.0,10.359999656677246,buy,session,2020-01-02-f4f16a69
2020-01-02,fill,EXPD,-1958.749961853028,25.0,78.3499984741211,buy,session,2020-01-02-f4f16a69
2020-01-02,fill,EXPE,-2330.580070495605,21.0,110.9800033569336,buy,session,2020-01-02-f4f16a69
2020-01-02,fill,FFIV,-1266.8399505615234,9.0,140.75999450683594,buy,session,2020-01-02-f4f16a69
2020-01-02,fill,FICO,-1531.6800537109375,4.0,382.9200134277344,buy,session,2020-01-02-f4f16a69
2020-01-02,fill,GEN,-2315.780040740967,89.0,26.020000457763672,buy,session,2020-01-02-f4f16a69
2020-01-02,fill,GILD,-12067.550621032717,185.0,65.2300033569336,buy,session,2020-01-02-f4f16a69
2020-01-02,fill,GL,-1900.0799560546875,18.0,105.55999755859376,buy,session,2020-01-02-f4f16a69
2020-01-02,fill,GPN,-7983.809921264648,43.0,185.6699981689453,buy,session,2020-01-02-f4f16a69
2020-01-02,fill,GRMN,-2753.519897460937,28.0,98.33999633789062,buy,session,2020-01-02-f4f16a69
2020-01-02,fill,HAS,-2001.270034790039,19.0,105.33000183105467,buy,session,2020-01-02-f4f16a69
2020-01-02,fill,HD,-34925.94058227539,159.0,219.6600036621093,buy,session,2020-01-02-f4f16a69
2020-01-02,fill,ICE,-7598.939849853516,82.0,92.66999816894533,buy,session,2020-01-02-f4f16a69
2020-01-02,fill,ILMN,-6998.054443359375,22.0,318.0933837890625,buy,session,2020-01-02-f4f16a69
2020-01-02,fill,INCY,-2751.0400390625,32.0,85.97000122070312,buy,session,2020-01-02-f4f16a69
2020-01-02,fill,INTU,-9847.920135498049,37.0,266.1600036621094,buy,session,2020-01-02-f4f16a69
2020-01-02,fill,ISRG,-3384.473388671875,17.0,199.086669921875,buy,session,2020-01-02-f4f16a69
2020-01-02,fill,ITW,-8357.279663085938,46.0,181.67999267578125,buy,session,2020-01-02-f4f16a69
2020-01-02,fill,IVZ,-1043.4199867248535,58.0,17.989999771118164,buy,session,2020-01-02-f4f16a69
2020-01-02,fill,JKHY,-1604.7899932861328,11.0,145.88999938964844,buy,session,2020-01-02-f4f16a69
2020-01-02,fill,JNJ,-56928.30047607422,390.0,145.97000122070312,buy,session,2020-01-02-f4f16a69
2020-01-02,fill,KDP,-5949.17995262146,207.0,28.739999771118164,buy,session,2020-01-02-f4f16a69
2020-01-02,fill,KEYS,-2917.320068359375,28.0,104.19000244140624,buy,session,2020-01-02-f4f16a69
2020-01-02,fill,LITE,-909.699966430664,11.0,82.69999694824219,buy,session,2020-01-02-f4f16a69
2020-01-02,fill,LUV,-4222.680011749268,77.0,54.84000015258789,buy,session,2020-01-02-f4f16a69
2020-01-02,fill,LVS,-7788.000335693359,110.0,70.80000305175781,buy,session,2020-01-02-f4f16a69
2020-01-02,fill,MA,-44598.33215332031,147.0,303.3900146484375,buy,session,2020-01-02-f4f16a69
2020-01-02,fill,MCD,-21685.319274902344,108.0,200.7899932861328,buy,session,2020-01-02-f4f16a69
2020-01-02,fill,MCO,-6526.440032958984,27.0,241.72000122070312,buy,session,2020-01-02-f4f16a69
2020-01-02,fill,MDT,-22224.639526367188,194.0,114.55999755859376,buy,session,2020-01-02-f4f16a69
2020-01-02,fill,META,-86219.57949829102,411.0,209.77999877929688,buy,session,2020-01-02-f4f16a69
2020-01-02,fill,MSCI,-3192.599853515625,12.0,266.04998779296875,buy,session,2020-01-02-f4f16a69
2020-01-02,fill,MSFT,-100066.2569580078,623.0,160.6199951171875,buy,session,2020-01-02-f4f16a69
2020-01-02,fill,MU,-8696.229904174805,157.0,55.38999938964844,buy,session,2020-01-02-f4f16a69
2020-01-02,fill,NEM,-5229.620147705078,121.0,43.220001220703125,buy,session,2020-01-02-f4f16a69
2020-01-02,fill,NKE,-24016.99928283692,235.0,102.1999969482422,buy,session,2020-01-02-f4f16a69
2020-01-02,fill,NSC,-7478.400115966797,38.0,196.8000030517578,buy,session,2020-01-02-f4f16a69
2020-01-02,fill,NTAP,-2071.410015106201,33.0,62.77000045776367,buy,session,2020-01-02-f4f16a69
2020-01-02,fill,NWSA,-1241.839963912964,86.0,14.4399995803833,buy,session,2020-01-02-f4f16a69
2020-01-02,fill,ORCL,-24924.900352478027,462.0,53.95000076293945,buy,session,2020-01-02-f4f16a69
2020-01-02,fill,PAYX,-4425.720031738281,52.0,85.11000061035156,buy,session,2020-01-02-f4f16a69
2020-01-02,fill,PG,-45785.11135864258,371.0,123.41000366210938,buy,session,2020-01-02-f4f16a69
2020-01-02,fill,PGR,-6243.720153808594,84.0,74.33000183105469,buy,session,2020-01-02-f4f16a69
2020-01-02,fill,PH,-3985.630081176758,19.0,209.7700042724609,buy,session,2020-01-02-f4f16a69
2020-01-02,fill,PYPL,-18606.0,168.0,110.75,buy,session,2020-01-02-f4f16a69
2020-01-02,fill,REGN,-6346.950103759766,17.0,373.3500061035156,buy,session,2020-01-02-f4f16a69
2020-01-02,fill,RMD,-3278.310012817383,21.0,156.11000061035156,buy,session,2020-01-02-f4f16a69
2020-01-02,fill,ROP,-5477.550201416016,15.0,365.1700134277344,buy,session,2020-01-02-f4f16a69
2020-01-02,fill,SBUX,-15278.849739074709,171.0,89.3499984741211,buy,session,2020-01-02-f4f16a69
2020-01-02,fill,SPGI,-9200.00015258789,35.0,262.8571472167969,buy,session,2020-01-02-f4f16a69
2020-01-02,fill,STE,-1820.3999633789065,12.0,151.6999969482422,buy,session,2020-01-02-f4f16a69
2020-01-02,fill,STLD,-1081.5999755859375,32.0,33.79999923706055,buy,session,2020-01-02-f4f16a69
2020-01-02,fill,SWKS,-3041.749954223633,25.0,121.66999816894533,buy,session,2020-01-02-f4f16a69
2020-01-02,fill,TECH,-329.1900100708008,6.0,54.8650016784668,buy,session,2020-01-02-f4f16a69
2020-01-02,fill,TPR,-1131.0600128173828,42.0,26.93000030517578,buy,session,2020-01-02-f4f16a69
2020-01-02,fill,TRMB,-1509.8399505615234,36.0,41.93999862670898,buy,session,2020-01-02-f4f16a69
2020-01-02,fill,TROW,-4255.440124511719,34.0,125.16000366210938,buy,session,2020-01-02-f4f16a69
2020-01-02,fill,TXN,-17880.661010742188,138.0,129.57000732421875,buy,session,2020-01-02-f4f16a69
2020-01-02,fill,UNP,-18409.270431518555,101.0,182.2700042724609,buy,session,2020-01-02-f4f16a69
2020-01-02,fill,VEEV,-3298.1998596191406,23.0,143.39999389648438,buy,session,2020-01-02-f4f16a69
2020-01-02,fill,VMRK,-4387.349815368652,55.0,79.7699966430664,buy,session,2020-01-02-f4f16a69
2020-01-02,fill,VRSK,-3626.8798828125,24.0,151.1199951171875,buy,session,2020-01-02-f4f16a69
2020-01-02,fill,VRSN,-3344.409927368164,17.0,196.72999572753903,buy,session,2020-01-02-f4f16a69
2020-01-02,fill,VRTX,-8339.099884033203,38.0,219.4499969482422,buy,session,2020-01-02-f4f16a69
2020-01-02,fill,VTR,-3157.8399658203125,56.0,56.38999938964844,buy,session,2020-01-02-f4f16a69
2020-01-02,fill,ZTS,-8584.9599609375,64.0,134.13999938964844,buy,session,2020-01-02-f4f16a69
2020-01-06,fill,CME,205.08999633789065,1.0,205.08999633789065,sell,session,2020-01-06-bb877877
2020-01-06,fill,COP,132.55999755859375,2.0,66.27999877929688,sell,session,2020-01-06-bb877877
2020-01-06,fill,CPAY,289.2099914550781,1.0,289.2099914550781,sell,session,2020-01-06-bb877877
2020-01-06,fill,HD,216.4900054931641,1.0,216.4900054931641,sell,session,2020-01-06-bb877877
2020-01-06,fill,ICE,284.09999084472656,3.0,94.6999969482422,sell,session,2020-01-06-bb877877
2020-01-06,fill,NKE,100.9499969482422,1.0,100.9499969482422,sell,session,2020-01-06-bb877877
2020-01-06,fill,NSC,195.1699981689453,1.0,195.1699981689453,sell,session,2020-01-06-bb877877
2020-01-06,fill,ORCL,106.72000122070312,2.0,53.36000061035156,sell,session,2020-01-06-bb877877
2020-01-06,fill,PG,122.56999969482422,1.0,122.56999969482422,sell,session,2020-01-06-bb877877
2020-01-06,fill,VRSK,151.83999633789062,1.0,151.83999633789062,sell,session,2020-01-06-bb877877
2020-01-06,fill,VRSN,199.9900054931641,1.0,199.9900054931641,sell,session,2020-01-06-bb877877
2020-01-06,fill,ADI,-116.25,1.0,116.25,buy,session,2020-01-06-bb877877
2020-01-06,fill,CSCO,-282.8399963378906,6.0,47.13999938964844,buy,session,2020-01-06-bb877877
2020-01-06,fill,EXPE,-108.16000366210938,1.0,108.16000366210938,buy,session,2020-01-06-bb877877
2020-01-06,fill,INCY,-231.8099899291992,3.0,77.2699966430664,buy,session,2020-01-06-bb877877
2020-01-06,fill,ITW,-178.0399932861328,1.0,178.0399932861328,buy,session,2020-01-06-bb877877
2020-01-06,fill,JNJ,-288.0,2.0,144.0,buy,session,2020-01-06-bb877877
2020-01-06,fill,MSFT,-471.24000549316406,3.0,157.0800018310547,buy,session,2020-01-06-bb877877
2020-01-06,fill,MU,-107.5,2.0,53.75,buy,session,2020-01-06-bb877877
2020-01-06,fill,PYPL,-215.13999938964844,2.0,107.56999969482422,buy,session,2020-01-06-bb877877
2020-01-07,fill,AMGN,239.3099975585937,1.0,239.3099975585937,sell,session,2020-01-07-b8432977
2020-01-07,fill,BR,125.0,1.0,125.0,sell,session,2020-01-07-b8432977
2020-01-07,fill,CRM,866.1499786376953,5.0,173.22999572753906,sell,session,2020-01-07-b8432977
2020-01-07,fill,GILD,130.52000427246094,2.0,65.26000213623047,sell,session,2020-01-07-b8432977
2020-01-07,fill,MCD,201.8699951171875,1.0,201.8699951171875,sell,session,2020-01-07-b8432977
2020-01-07,fill,MDT,114.33999633789062,1.0,114.33999633789062,sell,session,2020-01-07-b8432977
2020-01-07,fill,META,1276.9200439453125,6.0,212.82000732421875,sell,session,2020-01-07-b8432977
2020-01-07,fill,PGR,146.0,2.0,73.0,sell,session,2020-01-07-b8432977
2020-01-07,fill,PYPL,223.0,2.0,111.5,sell,session,2020-01-07-b8432977
2020-01-07,fill,VRTX,224.259994506836,1.0,224.259994506836,sell,session,2020-01-07-b8432977
2020-01-07,fill,ACN,-203.1999969482422,1.0,203.1999969482422,buy,session,2020-01-07-b8432977
2020-01-07,fill,ADI,-118.9000015258789,1.0,118.9000015258789,buy,session,2020-01-07-b8432977
2020-01-07,fill,AMAT,-241.0800018310547,4.0,60.27000045776367,buy,session,2020-01-07-b8432977
2020-01-07,fill,AMCR,-155.39999771118164,3.0,51.79999923706055,buy,session,2020-01-07-b8432977
2020-01-07,fill,CPAY,-289.2799987792969,1.0,289.2799987792969,buy,session,2020-01-07-b8432977
2020-01-07,fill,JNJ,-288.0199890136719,2.0,144.00999450683594,buy,session,2020-01-07-b8432977
2020-01-07,fill,KEYS,-100.56999969482422,1.0,100.56999969482422,buy,session,2020-01-07-b8432977
2020-01-07,fill,MSFT,-159.32000732421875,1.0,159.32000732421875,buy,session,2020-01-07-b8432977
2020-01-07,fill,MU,-166.1400032043457,3.0,55.380001068115234,buy,session,2020-01-07-b8432977
2020-01-07,fill,NKE,-101.80999755859376,1.0,101.80999755859376,buy,session,2020-01-07-b8432977
2020-01-07,fill,NSC,-196.5200042724609,1.0,196.5200042724609,buy,session,2020-01-07-b8432977
2020-01-07,fill,PG,-245.759994506836,2.0,122.87999725341795,buy,session,2020-01-07-b8432977
2020-01-07,fill,SWKS,-117.16999816894533,1.0,117.16999816894533,buy,session,2020-01-07-b8432977
2020-01-07,fill,TXN,-258.29998779296875,2.0,129.14999389648438,buy,session,2020-01-07-b8432977
2020-01-07,fill,UNP,-179.22999572753906,1.0,179.22999572753906,buy,session,2020-01-07-b8432977
2020-01-07,fill,ZTS,-665.0,5.0,133.0,buy,session,2020-01-07-b8432977
2020-01-08,purification_post,,-3.0383394927352807,,,ex-date impure dividend,session,
2020-01-08,fill,ADI,240.6199951171875,2.0,120.30999755859376,sell,session,2020-01-08-88ca8015
2020-01-08,fill,AMAT,246.8000030517578,4.0,61.70000076293945,sell,session,2020-01-08-88ca8015
2020-01-08,fill,COP,132.89999389648438,2.0,66.44999694824219,sell,session,2020-01-08-88ca8015
2020-01-08,fill,CPAY,292.9100036621094,1.0,292.9100036621094,sell,session,2020-01-08-88ca8015
2020-01-08,fill,CRM,350.4599914550781,2.0,175.22999572753906,sell,session,2020-01-08-88ca8015
2020-01-08,fill,JNJ,434.6099853515625,3.0,144.8699951171875,sell,session,2020-01-08-88ca8015
2020-01-08,fill,KEYS,100.5999984741211,1.0,100.5999984741211,sell,session,2020-01-08-88ca8015
2020-01-08,fill,META,426.0,2.0,213.0,sell,session,2020-01-08-88ca8015
2020-01-08,fill,MU,755.1700019836426,13.0,58.09000015258789,sell,session,2020-01-08-88ca8015
2020-01-08,fill,NSC,196.82000732421875,1.0,196.82000732421875,sell,session,2020-01-08-88ca8015
2020-01-08,fill,ORCL,107.87999725341795,2.0,53.93999862670898,sell,session,2020-01-08-88ca8015
2020-01-08,fill,SWKS,118.08000183105467,1.0,118.08000183105467,sell,session,2020-01-08-88ca8015
2020-01-08,fill,TXN,388.0199890136719,3.0,129.33999633789062,sell,session,2020-01-08-88ca8015
2020-01-08,fill,ACN,-408.0,2.0,204.0,buy,session,2020-01-08-88ca8015
2020-01-08,fill,AMGN,-237.92999267578125,1.0,237.92999267578125,buy,session,2020-01-08-88ca8015
2020-01-08,fill,AMT,-223.47999572753903,1.0,223.47999572753903,buy,session,2020-01-08-88ca8015
2020-01-08,fill,BR,-124.86000061035156,1.0,124.86000061035156,buy,session,2020-01-08-88ca8015
2020-01-08,fill,CLX,-151.77999877929688,1.0,151.77999877929688,buy,session,2020-01-08-88ca8015
2020-01-08,fill,CSCO,-140.91000366210938,3.0,46.970001220703125,buy,session,2020-01-08-88ca8015
2020-01-08,fill,HD,-218.8000030517578,1.0,218.8000030517578,buy,session,2020-01-08-88ca8015
2020-01-08,fill,MA,-300.7799987792969,1.0,300.7799987792969,buy,session,2020-01-08-88ca8015
2020-01-08,fill,MDT,-115.30999755859376,1.0,115.30999755859376,buy,session,2020-01-08-88ca8015
2020-01-08,fill,MSFT,-794.6499633789062,5.0,158.92999267578125,buy,session,2020-01-08-88ca8015
2020-01-08,fill,PG,-122.19000244140624,1.0,122.19000244140624,buy,session,2020-01-08-88ca8015
2020-01-08,fill,PGR,-218.759994506836,3.0,72.91999816894531,buy,session,2020-01-08-88ca8015
2020-01-08,fill,PYPL,-110.4000015258789,1.0,110.4000015258789,buy,session,2020-01-08-88ca8015
2020-01-08,fill,SBUX,-175.8800048828125,2.0,87.94000244140625,buy,session,2020-01-08-88ca8015
2020-01-08,fill,UNP,-177.88999938964844,1.0,177.88999938964844,buy,session,2020-01-08-88ca8015
2020-01-09,fill,ADSK,191.7100067138672,1.0,191.7100067138672,sell,session,2020-01-09-8edf1e57
2020-01-09,fill,HD,222.63999938964844,1.0,222.63999938964844,sell,session,2020-01-09-8edf1e57
2020-01-09,fill,MA,616.5599975585938,2.0,308.2799987792969,sell,session,2020-01-09-8edf1e57
2020-01-09,fill,MCD,206.8600006103516,1.0,206.8600006103516,sell,session,2020-01-09-8edf1e57
2020-01-09,fill,MDT,234.1000061035156,2.0,117.0500030517578,sell,session,2020-01-09-8edf1e57
2020-01-09,fill,META,217.5399932861328,1.0,217.5399932861328,sell,session,2020-01-09-8edf1e57
2020-01-09,fill,MSFT,809.1999816894531,5.0,161.83999633789062,sell,session,2020-01-09-8edf1e57
2020-01-09,fill,PYPL,225.97999572753903,2.0,112.98999786376952,sell,session,2020-01-09-8edf1e57
2020-01-09,fill,REGN,383.6300048828125,1.0,383.6300048828125,sell,session,2020-01-09-8edf1e57
2020-01-09,fill,TROW,127.69000244140624,1.0,127.69000244140624,sell,session,2020-01-09-8edf1e57
2020-01-09,fill,VRTX,233.0800018310547,1.0,233.0800018310547,sell,session,2020-01-09-8edf1e57
2020-01-09,fill,AMCR,-104.3000030517578,2.0,52.150001525878906,buy,session,2020-01-09-8edf1e57
2020-01-09,fill,AMGN,-239.69000244140625,1.0,239.69000244140625,buy,session,2020-01-09-8edf1e57
2020-01-09,fill,CBOE,-117.30999755859376,1.0,117.30999755859376,buy,session,2020-01-09-8edf1e57
2020-01-09,fill,COP,-322.8499984741211,5.0,64.56999969482422,buy,session,2020-01-09-8edf1e57
2020-01-09,fill,CSCO,-238.95000457763672,5.0,47.790000915527344,buy,session,2020-01-09-8edf1e57
2020-01-09,fill,ICE,-187.2400054931641,2.0,93.62000274658205,buy,session,2020-01-09-8edf1e57
2020-01-09,fill,JNJ,-437.2799835205078,3.0,145.75999450683594,buy,session,2020-01-09-8edf1e57
2020-01-09,fill,KDP,-222.72000122070312,8.0,27.84000015258789,buy,session,2020-01-09-8edf1e57
2020-01-09,fill,MU,-174.95999908447266,3.0,58.31999969482422,buy,session,2020-01-09-8edf1e57
2020-01-09,fill,NEM,-166.9600067138672,4.0,41.7400016784668,buy,session,2020-01-09-8edf1e57
2020-01-09,fill,NKE,-203.8800048828125,2.0,101.94000244140624,buy,session,2020-01-09-8edf1e57
2020-01-09,fill,NSC,-198.82000732421875,1.0,198.82000732421875,buy,session,2020-01-09-8edf1e57
2020-01-09,fill,ORCL,-217.0,4.0,54.25,buy,session,2020-01-09-8edf1e57
2020-01-09,fill,PG,-245.0200042724609,2.0,122.51000213623048,buy,session,2020-01-09-8edf1e57
2020-01-09,fill,STE,-151.5500030517578,1.0,151.5500030517578,buy,session,2020-01-09-8edf1e57
2020-01-09,fill,TXN,-130.6999969482422,1.0,130.6999969482422,buy,session,2020-01-09-8edf1e57
2020-01-09,fill,ZTS,-134.00999450683594,1.0,134.00999450683594,buy,session,2020-01-09-8edf1e57
2020-01-10,fill,BR,128.07000732421875,1.0,128.07000732421875,sell,session,2020-01-10-abebd008
2020-01-10,fill,EL,212.1300048828125,1.0,212.1300048828125,sell,session,2020-01-10-abebd008
2020-01-10,fill,GPN,192.08999633789065,1.0,192.08999633789065,sell,session,2020-01-10-abebd008
2020-01-10,fill,HD,224.75,1.0,224.75,sell,session,2020-01-10-abebd008
2020-01-10,fill,MDT,237.4199981689453,2.0,118.70999908447266,sell,session,2020-01-10-abebd008
2020-01-10,fill,META,438.3999938964844,2.0,219.1999969482422,sell,session,2020-01-10-abebd008
2020-01-10,fill,MSFT,488.46002197265625,3.0,162.82000732421875,sell,session,2020-01-10-abebd008
2020-01-10,fill,PG,123.9000015258789,1.0,123.9000015258789,sell,session,2020-01-10-abebd008
2020-01-10,fill,SBUX,272.40000915527344,3.0,90.8000030517578,sell,session,2020-01-10-abebd008
2020-01-10,fill,SPGI,274.9668884277344,1.0,274.9668884277344,sell,session,2020-01-10-abebd008
2020-01-10,fill,TXN,131.80999755859375,1.0,131.80999755859375,sell,session,2020-01-10-abebd008
2020-01-10,fill,ZTS,135.3000030517578,1.0,135.3000030517578,sell,session,2020-01-10-abebd008
2020-01-10,fill,ADI,-120.8000030517578,1.0,120.8000030517578,buy,session,2020-01-10-abebd008
2020-01-10,fill,AMAT,-125.05999755859376,2.0,62.52999877929688,buy,session,2020-01-10-abebd008
2020-01-10,fill,BIIB,-294.6400146484375,1.0,294.6400146484375,buy,session,2020-01-10-abebd008
2020-01-10,fill,CSCO,-379.8399963378906,8.0,47.47999954223633,buy,session,2020-01-10-abebd008
2020-01-10,fill,GILD,-132.0,2.0,66.0,buy,session,2020-01-10-abebd008
2020-01-10,fill,ITW,-179.50999450683594,1.0,179.50999450683594,buy,session,2020-01-10-abebd008
2020-01-10,fill,JNJ,-437.25,3.0,145.75,buy,session,2020-01-10-abebd008
2020-01-10,fill,KEYS,-102.0,1.0,102.0,buy,session,2020-01-10-abebd008
2020-01-10,fill,LUV,-108.6999969482422,2.0,54.34999847412109,buy,session,2020-01-10-abebd008
2020-01-10,fill,MU,-114.94000244140624,2.0,57.470001220703125,buy,session,2020-01-10-abebd008
2020-01-10,fill,NKE,-203.77999877929688,2.0,101.88999938964844,buy,session,2020-01-10-abebd008
2020-01-10,fill,ORCL,-109.0999984741211,2.0,54.54999923706055,buy,session,2020-01-10-abebd008
2020-01-10,fill,REGN,-384.6199951171875,1.0,384.6199951171875,buy,session,2020-01-10-abebd008
2020-01-10,fill,UNP,-179.10000610351562,1.0,179.10000610351562,buy,session,2020-01-10-abebd008
2020-01-13,fill,ACN,207.4900054931641,1.0,207.4900054931641,sell,session,2020-01-13-5c6ba96d
2020-01-13,fill,AMT,231.25,1.0,231.25,sell,session,2020-01-13-5c6ba96d
2020-01-13,fill,BIIB,294.8099975585937,1.0,294.8099975585937,sell,session,2020-01-13-5c6ba96d
2020-01-13,fill,CRM,181.259994506836,1.0,181.259994506836,sell,session,2020-01-13-5c6ba96d
2020-01-13,fill,MA,313.260009765625,1.0,313.260009765625,sell,session,2020-01-13-5c6ba96d
2020-01-13,fill,MDT,118.30999755859376,1.0,118.30999755859376,sell,session,2020-01-13-5c6ba96d
2020-01-13,fill,ORCL,108.91999816894533,2.0,54.459999084472656,sell,session,2020-01-13-5c6ba96d
2020-01-13,fill,PG,124.0,1.0,124.0,sell,session,2020-01-13-5c6ba96d
2020-01-13,fill,PYPL,113.9800033569336,1.0,113.9800033569336,sell,session,2020-01-13-5c6ba96d
2020-01-13,fill,ABBV,-268.5,3.0,89.5,buy,session,2020-01-13-5c6ba96d
2020-01-13,fill,ADI,-118.77999877929688,1.0,118.77999877929688,buy,session,2020-01-13-5c6ba96d
2020-01-13,fill,CME,-204.6000061035156,1.0,204.6000061035156,buy,session,2020-01-13-5c6ba96d
2020-01-13,fill,CPAY,-291.8800048828125,1.0,291.8800048828125,buy,session,2020-01-13-5c6ba96d
2020-01-13,fill,GILD,-130.10000610351562,2.0,65.05000305175781,buy,session,2020-01-13-5c6ba96d
2020-01-13,fill,GPN,-191.5800018310547,1.0,191.5800018310547,buy,session,2020-01-13-5c6ba96d
2020-01-13,fill,HAS,-101.83999633789062,1.0,101.83999633789062,buy,session,2020-01-13-5c6ba96d
2020-01-13,fill,MSFT,-323.5199890136719,2.0,161.75999450683594,buy,session,2020-01-13-5c6ba96d
2020-01-13,fill,NKE,-101.0,1.0,101.0,buy,session,2020-01-13-5c6ba96d
2020-01-13,fill,PH,-205.52999877929688,1.0,205.52999877929688,buy,session,2020-01-13-5c6ba96d
2020-01-14,purification_post,,-1.624251824260373,,,ex-date impure dividend,session,
2020-01-14,fill,ADBE,347.010009765625,1.0,347.010009765625,sell,session,2020-01-14-03937f34
2020-01-14,fill,AMCR,159.60000228881836,3.0,53.20000076293945,sell,session,2020-01-14-03937f34
2020-01-14,fill,AMT,235.1300048828125,1.0,235.1300048828125,sell,session,2020-01-14-03937f34
2020-01-14,fill,CLX,155.72999572753906,1.0,155.72999572753906,sell,session,2020-01-14-03937f34
2020-01-14,fill,CPAY,299.3900146484375,1.0,299.3900146484375,sell,session,2020-01-14-03937f34
2020-01-14,fill,CRM,183.5,1.0,183.5,sell,session,2020-01-14-03937f34
2020-01-14,fill,CSCO,239.79999542236328,5.0,47.959999084472656,sell,session,2020-01-14-03937f34
2020-01-14,fill,GPN,193.6999969482422,1.0,193.6999969482422,sell,session,2020-01-14-03937f34
2020-01-14,fill,HAS,104.7699966430664,1.0,104.7699966430664,sell,session,2020-01-14-03937f34
2020-01-14,fill,MA,316.17999267578125,1.0,316.17999267578125,sell,session,2020-01-14-03937f34
2020-01-14,fill,META,886.4400024414062,4.0,221.6100006103516,sell,session,2020-01-14-03937f34
2020-01-14,fill,MSFT,326.7799987792969,2.0,163.38999938964844,sell,session,2020-01-14-03937f34
2020-01-14,fill,NKE,102.4499969482422,1.0,102.4499969482422,sell,session,2020-01-14-03937f34
2020-01-14,fill,PH,207.6600036621093,1.0,207.6600036621093,sell,session,2020-01-14-03937f34
2020-01-14,fill,PYPL,231.02999877929688,2.0,115.51499938964844,sell,session,2020-01-14-03937f34
2020-01-14,fill,VEEV,149.22000122070312,1.0,149.22000122070312,sell,session,2020-01-14-03937f34
2020-01-14,fill,ABBV,-261.2999954223633,3.0,87.0999984741211,buy,session,2020-01-14-03937f34
2020-01-14,fill,ADSK,-192.25,1.0,192.25,buy,session,2020-01-14-03937f34
2020-01-14,fill,AMGN,-235.8000030517578,1.0,235.8000030517578,buy,session,2020-01-14-03937f34
2020-01-14,fill,BIIB,-294.1000061035156,1.0,294.1000061035156,buy,session,2020-01-14-03937f34
2020-01-14,fill,CME,-204.52999877929688,1.0,204.52999877929688,buy,session,2020-01-14-03937f34
2020-01-14,fill,COP,-130.44000244140625,2.0,65.22000122070312,buy,session,2020-01-14-03937f34
2020-01-14,fill,DRI,-112.83999633789062,1.0,112.83999633789062,buy,session,2020-01-14-03937f34
2020-01-14,fill,GILD,-257.6400146484375,4.0,64.41000366210938,buy,session,2020-01-14-03937f34
2020-01-14,fill,HD,-444.9599914550781,2.0,222.47999572753903,buy,session,2020-01-14-03937f34
2020-01-14,fill,ILMN,-315.2529296875,1.0,315.2529296875,buy,session,2020-01-14-03937f34
2020-01-14,fill,JNJ,-145.0500030517578,1.0,145.0500030517578,buy,session,2020-01-14-03937f34
2020-01-14,fill,MCD,-205.4600067138672,1.0,205.4600067138672,buy,session,2020-01-14-03937f34
2020-01-14,fill,MDT,-352.1399917602539,3.0,117.37999725341795,buy,session,2020-01-14-03937f34
2020-01-14,fill,ORCL,-163.56000137329102,3.0,54.52000045776367,buy,session,2020-01-14-03937f34
2020-01-14,fill,TXN,-389.84999084472656,3.0,129.9499969482422,buy,session,2020-01-14-03937f34
2020-01-14,fill,VRTX,-226.44000244140625,1.0,226.44000244140625,buy,session,2020-01-14-03937f34
2020-01-15,purification_post,,-0.1587556435537807,,,ex-date impure dividend,session,
2020-01-15,fill,ADI,119.41000366210938,1.0,119.41000366210938,sell,session,2020-01-15-a140df1f
2020-01-15,fill,AMGN,240.6699981689453,1.0,240.6699981689453,sell,session,2020-01-15-a140df1f
2020-01-15,fill,BIIB,298.94000244140625,1.0,298.94000244140625,sell,session,2020-01-15-a140df1f
2020-01-15,fill,JNJ,439.1999816894531,3.0,146.39999389648438,sell,session,2020-01-15-a140df1f
2020-01-15,fill,LVS,220.5,3.0,73.5,sell,session,2020-01-15-a140df1f
2020-01-15,fill,NKE,206.5,2.0,103.25,sell,session,2020-01-15-a140df1f
2020-01-15,fill,NSC,201.759994506836,1.0,201.759994506836,sell,session,2020-01-15-a140df1f
2020-01-15,fill,ORCL,219.5200042724609,4.0,54.880001068115234,sell,session,2020-01-15-a140df1f
2020-01-15,fill,PG,125.05999755859376,1.0,125.05999755859376,sell,session,2020-01-15-a140df1f
2020-01-15,fill,REGN,387.4200134277344,1.0,387.4200134277344,sell,session,2020-01-15-a140df1f
2020-01-15,fill,TXN,130.42999267578125,1.0,130.42999267578125,sell,session,2020-01-15-a140df1f
2020-01-15,fill,UNP,181.6300048828125,1.0,181.6300048828125,sell,session,2020-01-15-a140df1f
2020-01-15,fill,VRTX,229.8800048828125,1.0,229.8800048828125,sell,session,2020-01-15-a140df1f
2020-01-15,fill,ZTS,137.41000366210938,1.0,137.41000366210938,sell,session,2020-01-15-a140df1f
2020-01-15,fill,ACN,-208.0,1.0,208.0,buy,session,2020-01-15-a140df1f
2020-01-15,fill,AMT,-234.5,1.0,234.5,buy,session,2020-01-15-a140df1f
2020-01-15,fill,CPAY,-297.0199890136719,1.0,297.0199890136719,buy,session,2020-01-15-a140df1f
2020-01-15,fill,CRM,-181.67999267578125,1.0,181.67999267578125,buy,session,2020-01-15-a140df1f
2020-01-15,fill,GPN,-192.17999267578125,1.0,192.17999267578125,buy,session,2020-01-15-a140df1f
2020-01-15,fill,KDP,-110.4800033569336,4.0,27.6200008392334,buy,session,2020-01-15-a140df1f
2020-01-15,fill,MA,-624.3800048828125,2.0,312.19000244140625,buy,session,2020-01-15-a140df1f
2020-01-15,fill,MDT,-117.16999816894533,1.0,117.16999816894533,buy,session,2020-01-15-a140df1f
2020-01-15,fill,META,-882.4400024414062,4.0,220.6100006103516,buy,session,2020-01-15-a140df1f
2020-01-15,fill,MSFT,-325.239990234375,2.0,162.6199951171875,buy,session,2020-01-15-a140df1f
2020-01-15,fill,PYPL,-115.13999938964844,1.0,115.13999938964844,buy,session,2020-01-15-a140df1f
2020-01-16,fill,AMT,235.0,1.0,235.0,sell,session,2020-01-16-7f9404cd
2020-01-16,fill,CME,205.3800048828125,1.0,205.3800048828125,sell,session,2020-01-16-7f9404cd
2020-01-16,fill,CPAY,304.67999267578125,1.0,304.67999267578125,sell,session,2020-01-16-7f9404cd
2020-01-16,fill,EL,218.4900054931641,1.0,218.4900054931641,sell,session,2020-01-16-7f9404cd
2020-01-16,fill,GPN,195.8500061035156,1.0,195.8500061035156,sell,session,2020-01-16-7f9404cd
2020-01-16,fill,HD,225.92999267578125,1.0,225.92999267578125,sell,session,2020-01-16-7f9404cd
2020-01-16,fill,MA,317.5,1.0,317.5,sell,session,2020-01-16-7f9404cd
2020-01-16,fill,MCD,210.1100006103516,1.0,210.1100006103516,sell,session,2020-01-16-7f9404cd
2020-01-16,fill,MCO,254.9499969482422,1.0,254.9499969482422,sell,session,2020-01-16-7f9404cd
2020-01-16,fill,META,445.1400146484375,2.0,222.57000732421875,sell,session,2020-01-16-7f9404cd
2020-01-16,fill,MSFT,164.35000610351562,1.0,164.35000610351562,sell,session,2020-01-16-7f9404cd
2020-01-16,fill,NEM,130.35000228881836,3.0,43.45000076293945,sell,session,2020-01-16-7f9404cd
2020-01-16,fill,PG,252.22000122070312,2.0,126.11000061035156,sell,session,2020-01-16-7f9404cd
2020-01-16,fill,ADBE,-345.9800109863281,1.0,345.9800109863281,buy,session,2020-01-16-7f9404cd
2020-01-16,fill,ADI,-236.9600067138672,2.0,118.4800033569336,buy,session,2020-01-16-7f9404cd
2020-01-16,fill,ALGN,-271.8399963378906,1.0,271.8399963378906,buy,session,2020-01-16-7f9404cd
2020-01-16,fill,BIIB,-294.489990234375,1.0,294.489990234375,buy,session,2020-01-16-7f9404cd
2020-01-16,fill,CRM,-182.22999572753903,1.0,182.22999572753903,buy,session,2020-01-16-7f9404cd
2020-01-16,fill,LVS,-146.22000122070312,2.0,73.11000061035156,buy,session,2020-01-16-7f9404cd
2020-01-16,fill,MU,-227.1999969482422,4.0,56.79999923706055,buy,session,2020-01-16-7f9404cd
2020-01-16,fill,NKE,-102.87999725341795,1.0,102.87999725341795,buy,session,2020-01-16-7f9404cd
2020-01-16,fill,ORCL,-164.93999862670898,3.0,54.97999954223633,buy,session,2020-01-16-7f9404cd
2020-01-16,fill,PH,-206.3500061035156,1.0,206.3500061035156,buy,session,2020-01-16-7f9404cd
2020-01-16,fill,TXN,-260.0,2.0,130.0,buy,session,2020-01-16-7f9404cd
2020-01-16,fill,UNP,-181.5599975585937,1.0,181.5599975585937,buy,session,2020-01-16-7f9404cd
2020-01-16,fill,VEEV,-146.2100067138672,1.0,146.2100067138672,buy,session,2020-01-16-7f9404cd
2020-01-17,fill,ADI,119.75,1.0,119.75,sell,session,2020-01-17-33abbba4
2020-01-17,fill,CSCO,345.1700096130371,7.0,49.310001373291016,sell,session,2020-01-17-33abbba4
2020-01-17,fill,HD,229.6100006103516,1.0,229.6100006103516,sell,session,2020-01-17-33abbba4
2020-01-17,fill,MA,642.8599853515625,2.0,321.42999267578125,sell,session,2020-01-17-33abbba4
2020-01-17,fill,MSFT,1004.519989013672,6.0,167.4199981689453,sell,session,2020-01-17-33abbba4
2020-01-17,fill,MU,116.04000091552734,2.0,58.02000045776367,sell,session,2020-01-17-33abbba4
2020-01-17,fill,UNP,183.67999267578125,1.0,183.67999267578125,sell,session,2020-01-17-33abbba4
2020-01-17,fill,ACN,-210.0,1.0,210.0,buy,session,2020-01-17-33abbba4
2020-01-17,fill,AMGN,-242.1100006103516,1.0,242.1100006103516,buy,session,2020-01-17-33abbba4
2020-01-17,fill,AMT,-465.7799987792969,2.0,232.88999938964844,buy,session,2020-01-17-33abbba4
2020-01-17,fill,BIIB,-287.32000732421875,1.0,287.32000732421875,buy,session,2020-01-17-33abbba4
2020-01-17,fill,COP,-130.55999755859375,2.0,65.27999877929688,buy,session,2020-01-17-33abbba4
2020-01-17,fill,EL,-219.0599975585937,1.0,219.0599975585937,buy,session,2020-01-17-33abbba4
2020-01-17,fill,GILD,-317.5,5.0,63.5,buy,session,2020-01-17-33abbba4
2020-01-17,fill,HAS,-104.37999725341795,1.0,104.37999725341795,buy,session,2020-01-17-33abbba4
2020-01-17,fill,JNJ,-148.41000366210938,1.0,148.41000366210938,buy,session,2020-01-17-33abbba4
2020-01-17,fill,META,-666.0899963378906,3.0,222.02999877929688,buy,session,2020-01-17-33abbba4
2020-01-17,fill,NKE,-103.43000030517578,1.0,103.43000030517578,buy,session,2020-01-17-33abbba4
2020-01-17,fill,PG,-252.6999969482422,2.0,126.3499984741211,buy,session,2020-01-17-33abbba4
2020-01-21,fill,ADBE,346.3699951171875,1.0,346.3699951171875,sell,session,2020-01-21-aa74a1cc
2020-01-21,fill,GEN,112.0,4.0,28.0,sell,session,2020-01-21-aa74a1cc
2020-01-21,fill,HAS,105.0,1.0,105.0,sell,session,2020-01-21-aa74a1cc
2020-01-21,fill,HD,463.05999755859375,2.0,231.52999877929688,sell,session,2020-01-21-aa74a1cc
2020-01-21,fill,INTU,281.8099975585937,1.0,281.8099975585937,sell,session,2020-01-21-aa74a1cc
2020-01-21,fill,JNJ,148.5800018310547,1.0,148.5800018310547,sell,session,2020-01-21-aa74a1cc
2020-01-21,fill,KEYS,105.3000030517578,1.0,105.3000030517578,sell,session,2020-01-21-aa74a1cc
2020-01-21,fill,MA,322.4100036621094,1.0,322.4100036621094,sell,session,2020-01-21-aa74a1cc
2020-01-21,fill,MSFT,166.67999267578125,1.0,166.67999267578125,sell,session,2020-01-21-aa74a1cc
2020-01-21,fill,NKE,208.5,2.0,104.25,sell,session,2020-01-21-aa74a1cc
2020-01-21,fill,SBUX,185.6600036621093,2.0,92.83000183105467,sell,session,2020-01-21-aa74a1cc
2020-01-21,fill,TXN,131.08999633789062,1.0,131.08999633789062,sell,session,2020-01-21-aa74a1cc
2020-01-21,fill,ABBV,-438.4000015258789,5.0,87.68000030517578,buy,session,2020-01-21-aa74a1cc
2020-01-21,fill,CME,-207.4600067138672,1.0,207.4600067138672,buy,session,2020-01-21-aa74a1cc
2020-01-21,fill,CRM,-181.509994506836,1.0,181.509994506836,buy,session,2020-01-21-aa74a1cc
2020-01-21,fill,CSCO,-146.87999725341797,3.0,48.959999084472656,buy,session,2020-01-21-aa74a1cc
2020-01-21,fill,GILD,-125.81999969482422,2.0,62.90999984741211,buy,session,2020-01-21-aa74a1cc
2020-01-21,fill,KDP,-109.5199966430664,4.0,27.3799991607666,buy,session,2020-01-21-aa74a1cc
2020-01-21,fill,META,-222.1600036621093,1.0,222.1600036621093,buy,session,2020-01-21-aa74a1cc
2020-01-21,fill,NTAP,-124.31999969482422,2.0,62.15999984741211,buy,session,2020-01-21-aa74a1cc
2020-01-21,fill,ORCL,-164.93999862670898,3.0,54.97999954223633,buy,session,2020-01-21-aa74a1cc
2020-01-21,fill,PG,-252.82000732421875,2.0,126.41000366210938,buy,session,2020-01-21-aa74a1cc
2020-01-21,fill,REGN,-385.8999938964844,1.0,385.8999938964844,buy,session,2020-01-21-aa74a1cc
2020-01-22,fill,ADSK,197.47000122070312,1.0,197.47000122070312,sell,session,2020-01-22-09f2cd19
2020-01-22,fill,AMT,237.9100036621093,1.0,237.9100036621093,sell,session,2020-01-22-09f2cd19
2020-01-22,fill,CME,207.38999938964844,1.0,207.38999938964844,sell,session,2020-01-22-09f2cd19
2020-01-22,fill,CRM,556.1699981689453,3.0,185.38999938964844,sell,session,2020-01-22-09f2cd19
2020-01-22,fill,HD,233.7899932861328,1.0,233.7899932861328,sell,session,2020-01-22-09f2cd19
2020-01-22,fill,JNJ,146.6999969482422,1.0,146.6999969482422,sell,session,2020-01-22-09f2cd19
2020-01-22,fill,MDT,243.17999267578125,2.0,121.58999633789062,sell,session,2020-01-22-09f2cd19
2020-01-22,fill,MU,238.0800018310547,4.0,59.52000045776367,sell,session,2020-01-22-09f2cd19
2020-01-22,fill,NKE,105.0,1.0,105.0,sell,session,2020-01-22-09f2cd19
2020-01-22,fill,ORCL,110.81999969482422,2.0,55.40999984741211,sell,session,2020-01-22-09f2cd19
2020-01-22,fill,ZTS,142.72999572753906,1.0,142.72999572753906,sell,session,2020-01-22-09f2cd19
2020-01-22,fill,AMCR,-107.0,2.0,53.5,buy,session,2020-01-22-09f2cd19
2020-01-22,fill,AMGN,-238.75,1.0,238.75,buy,session,2020-01-22-09f2cd19
2020-01-22,fill,COP,-191.39999771118164,3.0,63.79999923706055,buy,session,2020-01-22-09f2cd19
2020-01-22,fill,EQT,-123.5199966430664,16.0,7.71999979019165,buy,session,2020-01-22-09f2cd19
2020-01-22,fill,EXPD,-148.52000427246094,2.0,74.26000213623047,buy,session,2020-01-22-09f2cd19
2020-01-22,fill,GL,-104.23999786376952,1.0,104.23999786376952,buy,session,2020-01-22-09f2cd19
2020-01-22,fill,ITW,-179.08999633789062,1.0,179.08999633789062,buy,session,2020-01-22-09f2cd19
2020-01-22,fill,KDP,-108.63999938964844,4.0,27.15999984741211,buy,session,2020-01-22-09f2cd19
2020-01-22,fill,LUV,-107.8000030517578,2.0,53.900001525878906,buy,session,2020-01-22-09f2cd19
2020-01-22,fill,LVS,-352.99999237060547,5.0,70.5999984741211,buy,session,2020-01-22-09f2cd19
2020-01-22,fill,MA,-324.95001220703125,1.0,324.95001220703125,buy,session,2020-01-22-09f2cd19
2020-01-22,fill,MSFT,-167.39999389648438,1.0,167.39999389648438,buy,session,2020-01-22-09f2cd19
2020-01-22,fill,REGN,-365.7200012207031,1.0,365.7200012207031,buy,session,2020-01-22-09f2cd19
2020-01-22,fill,SBUX,-93.13999938964844,1.0,93.13999938964844,buy,session,2020-01-22-09f2cd19
2020-01-23,purification_post,,-0.9044495006205306,,,ex-date impure dividend,session,
2020-01-23,fill,ACN,209.3999938964844,1.0,209.3999938964844,sell,session,2020-01-23-1bcccf5f
2020-01-23,fill,AMAT,128.25999450683594,2.0,64.12999725341797,sell,session,2020-01-23-1bcccf5f
2020-01-23,fill,CSCO,147.0,3.0,49.0,sell,session,2020-01-23-1bcccf5f
2020-01-23,fill,GILD,126.5,2.0,63.25,sell,session,2020-01-23-1bcccf5f
2020-01-23,fill,GPN,200.2899932861328,1.0,200.2899932861328,sell,session,2020-01-23-1bcccf5f
2020-01-23,fill,ILMN,321.3229675292969,1.0,321.3229675292969,sell,session,2020-01-23-1bcccf5f
2020-01-23,fill,INTU,289.7300109863281,1.0,289.7300109863281,sell,session,2020-01-23-1bcccf5f
2020-01-23,fill,KDP,220.32000732421875,8.0,27.540000915527344,sell,session,2020-01-23-1bcccf5f
2020-01-23,fill,MA,650.0,2.0,325.0,sell,session,2020-01-23-1bcccf5f
2020-01-23,fill,MDT,241.47999572753903,2.0,120.73999786376952,sell,session,2020-01-23-1bcccf5f
2020-01-23,fill,PG,124.3000030517578,1.0,124.3000030517578,sell,session,2020-01-23-1bcccf5f
2020-01-23,fill,RMD,163.55999755859375,1.0,163.55999755859375,sell,session,2020-01-23-1bcccf5f
2020-01-23,fill,TXN,262.8399963378906,2.0,131.4199981689453,sell,session,2020-01-23-1bcccf5f
2020-01-23,fill,ADSK,-195.38999938964844,1.0,195.38999938964844,buy,session,2020-01-23-1bcccf5f
2020-01-23,fill,AMGN,-237.0599975585937,1.0,237.0599975585937,buy,session,2020-01-23-1bcccf5f
2020-01-23,fill,COP,-186.0299949645996,3.0,62.0099983215332,buy,session,2020-01-23-1bcccf5f
2020-01-23,fill,CRM,-366.4200134277344,2.0,183.2100067138672,buy,session,2020-01-23-1bcccf5f
2020-01-23,fill,EL,-209.08999633789065,1.0,209.08999633789065,buy,session,2020-01-23-1bcccf5f
2020-01-23,fill,FFIV,-132.24000549316406,1.0,132.24000549316406,buy,session,2020-01-23-1bcccf5f
2020-01-23,fill,JNJ,-296.0799865722656,2.0,148.0399932861328,buy,session,2020-01-23-1bcccf5f
2020-01-23,fill,MSFT,-498.5700073242188,3.0,166.19000244140625,buy,session,2020-01-23-1bcccf5f
2020-01-23,fill,NKE,-104.02999877929688,1.0,104.02999877929688,buy,session,2020-01-23-1bcccf5f
2020-01-23,fill,NSC,-202.3500061035156,1.0,202.3500061035156,buy,session,2020-01-23-1bcccf5f
2020-01-23,fill,ORCL,-217.63999938964844,4.0,54.40999984741211,buy,session,2020-01-23-1bcccf5f
2020-01-23,fill,PH,-197.6699981689453,1.0,197.6699981689453,buy,session,2020-01-23-1bcccf5f
2020-01-23,fill,PYPL,-117.4000015258789,1.0,117.4000015258789,buy,session,2020-01-23-1bcccf5f
2020-01-24,fill,ADSK,199.42999267578125,1.0,199.42999267578125,sell,session,2020-01-24-97fe2b35
2020-01-24,fill,CRM,185.0,1.0,185.0,sell,session,2020-01-24-97fe2b35
2020-01-24,fill,DRI,117.75,1.0,117.75,sell,session,2020-01-24-97fe2b35
2020-01-24,fill,FFIV,134.41000366210938,1.0,134.41000366210938,sell,session,2020-01-24-97fe2b35
2020-01-24,fill,GILD,128.13999938964844,2.0,64.06999969482422,sell,session,2020-01-24-97fe2b35
2020-01-24,fill,GL,104.88999938964844,1.0,104.88999938964844,sell,session,2020-01-24-97fe2b35
2020-01-24,fill,LUV,111.22000122070312,2.0,55.61000061035156,sell,session,2020-01-24-97fe2b35
2020-01-24,fill,MCD,214.17999267578125,1.0,214.17999267578125,sell,session,2020-01-24-97fe2b35
2020-01-24,fill,MSFT,502.5299835205078,3.0,167.50999450683594,sell,session,2020-01-24-97fe2b35
2020-01-24,fill,NSC,208.0,1.0,208.0,sell,session,2020-01-24-97fe2b35
2020-01-24,fill,PH,202.02999877929688,1.0,202.02999877929688,sell,session,2020-01-24-97fe2b35
2020-01-24,fill,PYPL,355.34999084472656,3.0,118.4499969482422,sell,session,2020-01-24-97fe2b35
2020-01-24,fill,SWKS,126.5,1.0,126.5,sell,session,2020-01-24-97fe2b35
2020-01-24,fill,TXN,134.8000030517578,1.0,134.8000030517578,sell,session,2020-01-24-97fe2b35
2020-01-24,fill,UNP,372.2799987792969,2.0,186.13999938964844,sell,session,2020-01-24-97fe2b35
2020-01-24,fill,VRSK,165.39999389648438,1.0,165.39999389648438,sell,session,2020-01-24-97fe2b35
2020-01-24,fill,ABBV,-512.5800018310547,6.0,85.43000030517578,buy,session,2020-01-24-97fe2b35
2020-01-24,fill,EL,-209.0,1.0,209.0,buy,session,2020-01-24-97fe2b35
2020-01-24,fill,ILMN,-318.79376220703125,1.0,318.79376220703125,buy,session,2020-01-24-97fe2b35
2020-01-24,fill,INTU,-290.0,1.0,290.0,buy,session,2020-01-24-97fe2b35
2020-01-24,fill,MDT,-120.88999938964844,1.0,120.88999938964844,buy,session,2020-01-24-97fe2b35
2020-01-24,fill,META,-662.4000091552734,3.0,220.8000030517578,buy,session,2020-01-24-97fe2b35
2020-01-24,fill,NKE,-310.7699890136719,3.0,103.58999633789062,buy,session,2020-01-24-97fe2b35
2020-01-24,fill,PG,-500.8800048828125,4.0,125.22000122070312,buy,session,2020-01-24-97fe2b35
2020-01-24,fill,RMD,-161.52999877929688,1.0,161.52999877929688,buy,session,2020-01-24-97fe2b35
2020-01-24,fill,ZTS,-279.239990234375,2.0,139.6199951171875,buy,session,2020-01-24-97fe2b35
2020-01-27,fill,ADBE,341.0400085449219,1.0,341.0400085449219,sell,session,2020-01-27-0fba9557
2020-01-27,fill,AMT,236.32000732421875,1.0,236.32000732421875,sell,session,2020-01-27-0fba9557
2020-01-27,fill,CME,208.8800048828125,1.0,208.8800048828125,sell,session,2020-01-27-0fba9557
2020-01-27,fill,HD,228.1999969482422,1.0,228.1999969482422,sell,session,2020-01-27-0fba9557
2020-01-27,fill,INTU,281.4800109863281,1.0,281.4800109863281,sell,session,2020-01-27-0fba9557
2020-01-27,fill,JNJ,442.5600128173828,3.0,147.52000427246094,sell,session,2020-01-27-0fba9557
2020-01-27,fill,LUV,165.68999862670898,3.0,55.22999954223633,sell,session,2020-01-27-0fba9557
2020-01-27,fill,NSC,203.259994506836,1.0,203.259994506836,sell,session,2020-01-27-0fba9557
2020-01-27,fill,PG,499.0,4.0,124.75,sell,session,2020-01-27-0fba9557
2020-01-27,fill,PGR,151.5399932861328,2.0,75.7699966430664,sell,session,2020-01-27-0fba9557
2020-01-27,fill,PYPL,113.62999725341795,1.0,113.62999725341795,sell,session,2020-01-27-0fba9557
2020-01-27,fill,RMD,160.0,1.0,160.0,sell,session,2020-01-27-0fba9557
2020-01-27,fill,ABBV,-255.15000915527344,3.0,85.05000305175781,buy,session,2020-01-27-0fba9557
2020-01-27,fill,ADI,-114.6500015258789,1.0,114.6500015258789,buy,session,2020-01-27-0fba9557
2020-01-27,fill,AMAT,-179.85000228881836,3.0,59.95000076293945,buy,session,2020-01-27-0fba9557
2020-01-27,fill,AMCR,-103.5,2.0,51.75,buy,session,2020-01-27-0fba9557
2020-01-27,fill,AMGN,-671.0399780273438,3.0,223.67999267578125,buy,session,2020-01-27-0fba9557
2020-01-27,fill,EL,-192.009994506836,1.0,192.009994506836,buy,session,2020-01-27-0fba9557
2020-01-27,fill,INCY,-151.36000061035156,2.0,75.68000030517578,buy,session,2020-01-27-0fba9557
2020-01-27,fill,LVS,-188.1600036621093,3.0,62.720001220703125,buy,session,2020-01-27-0fba9557
2020-01-27,fill,MDT,-118.5,1.0,118.5,buy,session,2020-01-27-0fba9557
2020-01-27,fill,MU,-110.3000030517578,2.0,55.150001525878906,buy,session,2020-01-27-0fba9557
2020-01-27,fill,ORCL,-106.36000061035156,2.0,53.18000030517578,buy,session,2020-01-27-0fba9557
2020-01-27,fill,REGN,-341.20001220703125,1.0,341.20001220703125,buy,session,2020-01-27-0fba9557
2020-01-27,fill,STLD,-120.1999969482422,4.0,30.049999237060547,buy,session,2020-01-27-0fba9557
2020-01-27,fill,SWKS,-118.47000122070312,1.0,118.47000122070312,buy,session,2020-01-27-0fba9557
2020-01-27,fill,TXN,-257.29998779296875,2.0,128.64999389648438,buy,session,2020-01-27-0fba9557
2020-01-28,purification_post,,-0.0092114579980688,,,ex-date impure dividend,session,
2020-01-28,fill,ABBV,339.9599914550781,4.0,84.98999786376953,sell,session,2020-01-28-cc156e7f
2020-01-28,fill,AMCR,378.69998931884766,7.0,54.09999847412109,sell,session,2020-01-28-cc156e7f
2020-01-28,fill,AMT,237.1100006103516,1.0,237.1100006103516,sell,session,2020-01-28-cc156e7f
2020-01-28,fill,CBOE,120.0999984741211,1.0,120.0999984741211,sell,session,2020-01-28-cc156e7f
2020-01-28,fill,CME,213.009994506836,1.0,213.009994506836,sell,session,2020-01-28-cc156e7f
2020-01-28,fill,GILD,257.0,4.0,64.25,sell,session,2020-01-28-cc156e7f
2020-01-28,fill,HD,231.82000732421875,1.0,231.82000732421875,sell,session,2020-01-28-cc156e7f
2020-01-28,fill,ICE,294.4199981689453,3.0,98.13999938964844,sell,session,2020-01-28-cc156e7f
2020-01-28,fill,JNJ,1039.2200469970703,7.0,148.4600067138672,sell,session,2020-01-28-cc156e7f
2020-01-28,fill,KDP,140.2499961853027,5.0,28.049999237060547,sell,session,2020-01-28-cc156e7f
2020-01-28,fill,MDT,357.629997253418,3.0,119.20999908447266,sell,session,2020-01-28-cc156e7f
2020-01-28,fill,NEM,176.83999633789062,4.0,44.209999084472656,sell,session,2020-01-28-cc156e7f
2020-01-28,fill,PG,755.5800018310547,6.0,125.93000030517578,sell,session,2020-01-28-cc156e7f
2020-01-28,fill,ZTS,136.13999938964844,1.0,136.13999938964844,sell,session,2020-01-28-cc156e7f
2020-01-28,fill,ADI,-228.0599975585937,2.0,114.02999877929688,buy,session,2020-01-28-cc156e7f
2020-01-28,fill,AMAT,-298.799991607666,5.0,59.7599983215332,buy,session,2020-01-28-cc156e7f
2020-01-28,fill,CSCO,-332.6400032043457,7.0,47.52000045776367,buy,session,2020-01-28-cc156e7f
2020-01-28,fill,EL,-197.9600067138672,1.0,197.9600067138672,buy,session,2020-01-28-cc156e7f
2020-01-28,fill,ISRG,-190.1100006103516,1.0,190.1100006103516,buy,session,2020-01-28-cc156e7f
2020-01-28,fill,KEYS,-100.62000274658205,1.0,100.62000274658205,buy,session,2020-01-28-cc156e7f
2020-01-28,fill,LVS,-449.1899871826172,7.0,64.16999816894531,buy,session,2020-01-28-cc156e7f
2020-01-28,fill,MA,-315.79998779296875,1.0,315.79998779296875,buy,session,2020-01-28-cc156e7f
2020-01-28,fill,MSFT,-327.5599975585937,2.0,163.77999877929688,buy,session,2020-01-28-cc156e7f
2020-01-28,fill,MU,-281.25,5.0,56.25,buy,session,2020-01-28-cc156e7f
2020-01-28,fill,NKE,-100.33999633789062,1.0,100.33999633789062,buy,session,2020-01-28-cc156e7f
2020-01-28,fill,NSC,-203.0,1.0,203.0,buy,session,2020-01-28-cc156e7f
2020-01-28,fill,ORCL,-317.1600036621094,6.0,52.86000061035156,buy,session,2020-01-28-cc156e7f
2020-01-28,fill,PH,-195.57000732421875,1.0,195.57000732421875,buy,session,2020-01-28-cc156e7f
2020-01-28,fill,PYPL,-115.83000183105467,1.0,115.83000183105467,buy,session,2020-01-28-cc156e7f
2020-01-28,fill,SBUX,-356.20001220703125,4.0,89.05000305175781,buy,session,2020-01-28-cc156e7f
2020-01-28,fill,SWKS,-118.11000061035156,1.0,118.11000061035156,buy,session,2020-01-28-cc156e7f
2020-01-28,fill,TXN,-381.4500045776367,3.0,127.1500015258789,buy,session,2020-01-28-cc156e7f
2020-01-28,fill,UNP,-180.2700042724609,1.0,180.2700042724609,buy,session,2020-01-28-cc156e7f
2020-01-29,fill,ACN,210.67999267578125,1.0,210.67999267578125,sell,session,2020-01-29-b80d742a
2020-01-29,fill,ADBE,356.70001220703125,1.0,356.70001220703125,sell,session,2020-01-29-b80d742a
2020-01-29,fill,ADI,114.30999755859376,1.0,114.30999755859376,sell,session,2020-01-29-b80d742a
2020-01-29,fill,ADSK,200.9199981689453,1.0,200.9199981689453,sell,session,2020-01-29-b80d742a
2020-01-29,fill,AMAT,120.13999938964844,2.0,60.06999969482422,sell,session,2020-01-29-b80d742a
2020-01-29,fill,GRMN,102.3499984741211,1.0,102.3499984741211,sell,session,2020-01-29-b80d742a
2020-01-29,fill,META,221.44000244140625,1.0,221.44000244140625,sell,session,2020-01-29-b80d742a
2020-01-29,fill,MSFT,839.1999816894531,5.0,167.83999633789062,sell,session,2020-01-29-b80d742a
2020-01-29,fill,MU,111.9800033569336,2.0,55.9900016784668,sell,session,2020-01-29-b80d742a
2020-01-29,fill,ORCL,107.55999755859376,2.0,53.77999877929688,sell,session,2020-01-29-b80d742a
2020-01-29,fill,PYPL,117.47000122070312,1.0,117.47000122070312,sell,session,2020-01-29-b80d742a
2020-01-29,fill,ABBV,-251.40000915527344,3.0,83.80000305175781,buy,session,2020-01-29-b80d742a
2020-01-29,fill,AMT,-237.42999267578125,1.0,237.42999267578125,buy,session,2020-01-29-b80d742a
2020-01-29,fill,COP,-184.77000045776367,3.0,61.59000015258789,buy,session,2020-01-29-b80d742a
2020-01-29,fill,CSCO,-143.91000366210938,3.0,47.970001220703125,buy,session,2020-01-29-b80d742a
2020-01-29,fill,EL,-198.6600036621093,1.0,198.6600036621093,buy,session,2020-01-29-b80d742a
2020-01-29,fill,FFIV,-126.4800033569336,1.0,126.4800033569336,buy,session,2020-01-29-b80d742a
2020-01-29,fill,JNJ,-298.8999938964844,2.0,149.4499969482422,buy,session,2020-01-29-b80d742a
2020-01-29,fill,MDT,-239.5,2.0,119.75,buy,session,2020-01-29-b80d742a
2020-01-29,fill,NKE,-202.13999938964844,2.0,101.06999969482422,buy,session,2020-01-29-b80d742a
2020-01-29,fill,NTAP,-114.26000213623048,2.0,57.130001068115234,buy,session,2020-01-29-b80d742a
2020-01-29,fill,NWSA,-108.08000183105467,8.0,13.510000228881836,buy,session,2020-01-29-b80d742a
2020-01-29,fill,PG,-377.7300109863281,3.0,125.91000366210938,buy,session,2020-01-29-b80d742a
2020-01-30,purification_post,,-0.0630730934225047,,,ex-date impure dividend,session,
2020-01-30,fill,JNJ,300.0599975585937,2.0,150.02999877929688,sell,session,2020-01-30-59c562a4
2020-01-30,fill,LVS,127.13999938964844,2.0,63.56999969482422,sell,session,2020-01-30-59c562a4
2020-01-30,fill,MCD,214.0,1.0,214.0,sell,session,2020-01-30-59c562a4
2020-01-30,fill,META,1858.769989013672,9.0,206.52999877929688,sell,session,2020-01-30-59c562a4
2020-01-30,fill,MSFT,1392.4000244140625,8.0,174.0500030517578,sell,session,2020-01-30-59c562a4
2020-01-30,fill,NSC,424.3800048828125,2.0,212.19000244140625,sell,session,2020-01-30-59c562a4
2020-01-30,fill,PGR,318.9599914550781,4.0,79.73999786376953,sell,session,2020-01-30-59c562a4
2020-01-30,fill,PH,205.1199951171875,1.0,205.1199951171875,sell,session,2020-01-30-59c562a4
2020-01-30,fill,TROW,132.39999389648438,1.0,132.39999389648438,sell,session,2020-01-30-59c562a4
2020-01-30,fill,ABBV,-165.16000366210938,2.0,82.58000183105469,buy,session,2020-01-30-59c562a4
2020-01-30,fill,ACN,-207.5,1.0,207.5,buy,session,2020-01-30-59c562a4
2020-01-30,fill,ADBE,-349.69000244140625,1.0,349.69000244140625,buy,session,2020-01-30-59c562a4
2020-01-30,fill,ADI,-112.2300033569336,1.0,112.2300033569336,buy,session,2020-01-30-59c562a4
2020-01-30,fill,ALGN,-248.7400054931641,1.0,248.7400054931641,buy,session,2020-01-30-59c562a4
2020-01-30,fill,AMAT,-123.08000183105467,2.0,61.540000915527344,buy,session,2020-01-30-59c562a4
2020-01-30,fill,AMT,-232.4199981689453,1.0,232.4199981689453,buy,session,2020-01-30-59c562a4
2020-01-30,fill,CLX,-156.0399932861328,1.0,156.0399932861328,buy,session,2020-01-30-59c562a4
2020-01-30,fill,COP,-119.5,2.0,59.75,buy,session,2020-01-30-59c562a4
2020-01-30,fill,CSCO,-511.9400100708008,11.0,46.540000915527344,buy,session,2020-01-30-59c562a4
2020-01-30,fill,GRMN,-99.87000274658205,1.0,99.87000274658205,buy,session,2020-01-30-59c562a4
2020-01-30,fill,INTU,-284.19000244140625,1.0,284.19000244140625,buy,session,2020-01-30-59c562a4
2020-01-30,fill,KEYS,-189.9600067138672,2.0,94.9800033569336,buy,session,2020-01-30-59c562a4
2020-01-30,fill,MDT,-234.8600006103516,2.0,117.43000030517578,buy,session,2020-01-30-59c562a4
2020-01-30,fill,MU,-216.72000122070312,4.0,54.18000030517578,buy,session,2020-01-30-59c562a4
2020-01-30,fill,NKE,-198.0399932861328,2.0,99.0199966430664,buy,session,2020-01-30-59c562a4
2020-01-30,fill,ORCL,-158.45999908447266,3.0,52.81999969482422,buy,session,2020-01-30-59c562a4
2020-01-30,fill,PG,-374.370002746582,3.0,124.79000091552734,buy,session,2020-01-30-59c562a4
2020-01-30,fill,PYPL,-112.79000091552734,1.0,112.79000091552734,buy,session,2020-01-30-59c562a4
2020-01-30,fill,SBUX,-512.6999816894531,6.0,85.44999694824219,buy,session,2020-01-30-59c562a4
2020-01-30,fill,TXN,-369.6600036621094,3.0,123.22000122070312,buy,session,2020-01-30-59c562a4
2020-01-31,purification_post,,-0.7038500501096996,,,ex-date impure dividend,session,
2020-01-31,fill,ADBE,355.8399963378906,1.0,355.8399963378906,sell,session,2020-01-31-1c3ed25f
2020-01-31,fill,ALGN,260.9599914550781,1.0,260.9599914550781,sell,session,2020-01-31-1c3ed25f
2020-01-31,fill,CLX,156.64999389648438,1.0,156.64999389648438,sell,session,2020-01-31-1c3ed25f
2020-01-31,fill,CME,218.0399932861328,1.0,218.0399932861328,sell,session,2020-01-31-1c3ed25f
2020-01-31,fill,CRM,369.7200012207031,2.0,184.8600006103516,sell,session,2020-01-31-1c3ed25f
2020-01-31,fill,CSCO,140.9700050354004,3.0,46.9900016784668,sell,session,2020-01-31-1c3ed25f
2020-01-31,fill,EL,197.6000061035156,1.0,197.6000061035156,sell,session,2020-01-31-1c3ed25f
2020-01-31,fill,ICE,99.86000061035156,1.0,99.86000061035156,sell,session,2020-01-31-1c3ed25f
2020-01-31,fill,INTU,285.79998779296875,1.0,285.79998779296875,sell,session,2020-01-31-1c3ed25f
2020-01-31,fill,ITW,177.89999389648438,1.0,177.89999389648438,sell,session,2020-01-31-1c3ed25f
2020-01-31,fill,LVS,131.1999969482422,2.0,65.5999984741211,sell,session,2020-01-31-1c3ed25f
2020-01-31,fill,MA,646.280029296875,2.0,323.1400146484375,sell,session,2020-01-31-1c3ed25f
2020-01-31,fill,MCD,215.5200042724609,1.0,215.5200042724609,sell,session,2020-01-31-1c3ed25f
2020-01-31,fill,MCO,261.67999267578125,1.0,261.67999267578125,sell,session,2020-01-31-1c3ed25f
2020-01-31,fill,MSCI,292.04998779296875,1.0,292.04998779296875,sell,session,2020-01-31-1c3ed25f
2020-01-31,fill,MSFT,3099.7801208496094,18.0,172.2100067138672,sell,session,2020-01-31-1c3ed25f
2020-01-31,fill,PG,377.9699935913086,3.0,125.98999786376952,sell,session,2020-01-31-1c3ed25f
2020-01-31,fill,PYPL,116.75,1.0,116.75,sell,session,2020-01-31-1c3ed25f
2020-01-31,fill,ROP,386.6000061035156,1.0,386.6000061035156,sell,session,2020-01-31-1c3ed25f
2020-01-31,fill,VEEV,149.52999877929688,1.0,149.52999877929688,sell,session,2020-01-31-1c3ed25f
2020-01-31,fill,VMRK,167.97999572753906,2.0,83.98999786376953,sell,session,2020-01-31-1c3ed25f
2020-01-31,fill,A,-168.05999755859375,2.0,84.02999877929688,buy,session,2020-01-31-1c3ed25f
2020-01-31,fill,ABBV,-326.1600036621094,4.0,81.54000091552734,buy,session,2020-01-31-1c3ed25f
2020-01-31,fill,ADSK,-198.7700042724609,1.0,198.7700042724609,buy,session,2020-01-31-1c3ed25f
2020-01-31,fill,GILD,-127.5999984741211,2.0,63.79999923706055,buy,session,2020-01-31-1c3ed25f
2020-01-31,fill,HD,-232.9600067138672,1.0,232.9600067138672,buy,session,2020-01-31-1c3ed25f
2020-01-31,fill,ILMN,-576.3424072265625,2.0,288.17120361328125,buy,session,2020-01-31-1c3ed25f
2020-01-31,fill,JNJ,-149.75,1.0,149.75,buy,session,2020-01-31-1c3ed25f
2020-01-31,fill,META,-5210.749816894531,25.0,208.42999267578125,buy,session,2020-01-31-1c3ed25f
2020-01-31,fill,NKE,-392.4400024414063,4.0,98.11000061035156,buy,session,2020-01-31-1c3ed25f
2020-01-31,fill,NTAP,-109.16000366210938,2.0,54.58000183105469,buy,session,2020-01-31-1c3ed25f
2020-01-31,fill,SBUX,-171.5800018310547,2.0,85.79000091552734,buy,session,2020-01-31-1c3ed25f
2020-01-31,fill,TXN,-123.36000061035156,1.0,123.36000061035156,buy,session,2020-01-31-1c3ed25f
2020-01-31,fill,UNP,-181.69000244140625,1.0,181.69000244140625,buy,session,2020-01-31-1c3ed25f
2020-02-03,fill,A,3997.920043945313,48.0,83.29000091552734,sell,session,2020-02-03-bfe6da5f
2020-02-03,fill,ABBV,1382.2699584960938,17.0,81.30999755859375,sell,session,2020-02-03-bfe6da5f
2020-02-03,fill,ACN,205.33999633789065,1.0,205.33999633789065,sell,session,2020-02-03-bfe6da5f
2020-02-03,fill,ADI,332.09999084472656,3.0,110.6999969482422,sell,session,2020-02-03-bfe6da5f
2020-02-03,fill,AMAT,117.36000061035156,2.0,58.68000030517578,sell,session,2020-02-03-bfe6da5f
2020-02-03,fill,AMGN,1081.9499969482422,5.0,216.38999938964844,sell,session,2020-02-03-bfe6da5f
2020-02-03,fill,BIIB,270.6099853515625,1.0,270.6099853515625,sell,session,2020-02-03-bfe6da5f
2020-02-03,fill,COP,653.5099983215332,11.0,59.40999984741211,sell,session,2020-02-03-bfe6da5f
2020-02-03,fill,CSCO,278.40000915527344,6.0,46.400001525878906,sell,session,2020-02-03-bfe6da5f
2020-02-03,fill,EL,195.67999267578125,1.0,195.67999267578125,sell,session,2020-02-03-bfe6da5f
2020-02-03,fill,EQT,102.0,17.0,6.0,sell,session,2020-02-03-bfe6da5f
2020-02-03,fill,FFIV,121.19000244140624,1.0,121.19000244140624,sell,session,2020-02-03-bfe6da5f
2020-02-03,fill,GILD,135.47999572753906,2.0,67.73999786376953,sell,session,2020-02-03-bfe6da5f
2020-02-03,fill,HD,35235.900466918945,153.0,230.3000030517578,sell,session,2020-02-03-bfe6da5f
2020-02-03,fill,ILMN,855.3501892089844,3.0,285.1167297363281,sell,session,2020-02-03-bfe6da5f
2020-02-03,fill,INCY,369.7499847412109,5.0,73.94999694824219,sell,session,2020-02-03-bfe6da5f
2020-02-03,fill,ISRG,187.433334350586,1.0,187.433334350586,sell,session,2020-02-03-bfe6da5f
2020-02-03,fill,KEYS,187.6999969482422,2.0,93.8499984741211,sell,session,2020-02-03-bfe6da5f
2020-02-03,fill,LVS,330.5500030517578,5.0,66.11000061035156,sell,session,2020-02-03-bfe6da5f
2020-02-03,fill,MSFT,511.28997802734375,3.0,170.42999267578125,sell,session,2020-02-03-bfe6da5f
2020-02-03,fill,NKE,594.0,6.0,99.0,sell,session,2020-02-03-bfe6da5f
2020-02-03,fill,NTAP,267.5,5.0,53.5,sell,session,2020-02-03-bfe6da5f
2020-02-03,fill,REGN,679.3800048828125,2.0,339.69000244140625,sell,session,2020-02-03-bfe6da5f
2020-02-03,fill,SBUX,170.13999938964844,2.0,85.06999969482422,sell,session,2020-02-03-bfe6da5f
2020-02-03,fill,STLD,120.72000122070312,4.0,30.18000030517578,sell,session,2020-02-03-bfe6da5f
2020-02-03,fill,TXN,363.1799926757813,3.0,121.05999755859376,sell,session,2020-02-03-bfe6da5f
2020-02-03,fill,ADBE,-1767.0500183105469,5.0,353.4100036621094,buy,session,2020-02-03-bfe6da5f
2020-02-03,fill,ADSK,-395.7200012207031,2.0,197.8600006103516,buy,session,2020-02-03-bfe6da5f
2020-02-03,fill,AMCR,-105.9000015258789,2.0,52.95000076293945,buy,session,2020-02-03-bfe6da5f
2020-02-03,fill,AMT,-232.97999572753903,1.0,232.97999572753903,buy,session,2020-02-03-bfe6da5f
2020-02-03,fill,APD,-7916.369979858398,33.0,239.88999938964844,buy,session,2020-02-03-bfe6da5f
2020-02-03,fill,BR,-120.66999816894533,1.0,120.66999816894533,buy,session,2020-02-03-bfe6da5f
2020-02-03,fill,CBOE,-124.0,1.0,124.0,buy,session,2020-02-03-bfe6da5f
2020-02-03,fill,CDNS,-144.97999572753906,2.0,72.48999786376953,buy,session,2020-02-03-bfe6da5f
2020-02-03,fill,CLX,-157.64999389648438,1.0,157.64999389648438,buy,session,2020-02-03-bfe6da5f
2020-02-03,fill,CME,-1090.0,5.0,218.0,buy,session,2020-02-03-bfe6da5f
2020-02-03,fill,CPAY,-317.25,1.0,317.25,buy,session,2020-02-03-bfe6da5f
2020-02-03,fill,CRM,-3115.419906616211,17.0,183.259994506836,buy,session,2020-02-03-bfe6da5f
2020-02-03,fill,DRI,-117.12999725341795,1.0,117.12999725341795,buy,session,2020-02-03-bfe6da5f
2020-02-03,fill,EXPE,-108.95999908447266,1.0,108.95999908447266,buy,session,2020-02-03-bfe6da5f
2020-02-03,fill,FDS,-1721.0399780273438,6.0,286.8399963378906,buy,session,2020-02-03-bfe6da5f
2020-02-03,fill,GEN,-150.30000686645508,9.0,16.700000762939453,buy,session,2020-02-03-bfe6da5f
2020-02-03,fill,GPN,-787.1599731445312,4.0,196.7899932861328,buy,session,2020-02-03-bfe6da5f
2020-02-03,fill,ICE,-701.0500106811523,7.0,100.1500015258789,buy,session,2020-02-03-bfe6da5f
2020-02-03,fill,INTU,-1134.280029296875,4.0,283.57000732421875,buy,session,2020-02-03-bfe6da5f
2020-02-03,fill,JKHY,-151.1699981689453,1.0,151.1699981689453,buy,session,2020-02-03-bfe6da5f
2020-02-03,fill,JNJ,-2091.8799743652344,14.0,149.4199981689453,buy,session,2020-02-03-bfe6da5f
2020-02-03,fill,LUV,-221.63999938964844,4.0,55.40999984741211,buy,session,2020-02-03-bfe6da5f
2020-02-03,fill,MA,-4144.399841308594,13.0,318.79998779296875,buy,session,2020-02-03-bfe6da5f
2020-02-03,fill,MCD,-2149.9000549316406,10.0,214.9900054931641,buy,session,2020-02-03-bfe6da5f
2020-02-03,fill,MCO,-774.6600036621094,3.0,258.2200012207031,buy,session,2020-02-03-bfe6da5f
2020-02-03,fill,MDT,-1043.5499725341797,9.0,115.9499969482422,buy,session,2020-02-03-bfe6da5f
2020-02-03,fill,META,-2441.280029296875,12.0,203.44000244140625,buy,session,2020-02-03-bfe6da5f
2020-02-03,fill,MSCI,-574.4400024414062,2.0,287.2200012207031,buy,session,2020-02-03-bfe6da5f
2020-02-03,fill,MU,-266.25,5.0,53.25,buy,session,2020-02-03-bfe6da5f
2020-02-03,fill,NEM,-224.0999984741211,5.0,44.81999969482422,buy,session,2020-02-03-bfe6da5f
2020-02-03,fill,NOW,-1895.0959777832031,28.0,67.68199920654297,buy,session,2020-02-03-bfe6da5f
2020-02-03,fill,NSC,-839.6799926757812,4.0,209.9199981689453,buy,session,2020-02-03-bfe6da5f
2020-02-03,fill,ORCL,-263.64999771118164,5.0,52.72999954223633,buy,session,2020-02-03-bfe6da5f
2020-02-03,fill,PAYX,-172.89999389648438,2.0,86.44999694824219,buy,session,2020-02-03-bfe6da5f
2020-02-03,fill,PG,-747.9600219726562,6.0,124.66000366210938,buy,session,2020-02-03-bfe6da5f
2020-02-03,fill,PGR,-730.1699752807617,9.0,81.12999725341797,buy,session,2020-02-03-bfe6da5f
2020-02-03,fill,PYPL,-1600.2000427246094,14.0,114.3000030517578,buy,session,2020-02-03-bfe6da5f
2020-02-03,fill,RMD,-318.9200134277344,2.0,159.4600067138672,buy,session,2020-02-03-bfe6da5f
2020-02-03,fill,ROK,-3278.4501037597656,17.0,192.8500061035156,buy,session,2020-02-03-bfe6da5f
2020-02-03,fill,ROP,-769.3200073242188,2.0,384.6600036621094,buy,session,2020-02-03-bfe6da5f
2020-02-03,fill,SPGI,-836.2819519042969,3.0,278.7606506347656,buy,session,2020-02-03-bfe6da5f
2020-02-03,fill,TROW,-537.1199951171875,4.0,134.27999877929688,buy,session,2020-02-03-bfe6da5f
2020-02-03,fill,UNP,-180.8699951171875,1.0,180.8699951171875,buy,session,2020-02-03-bfe6da5f
2020-02-03,fill,VEEV,-295.0199890136719,2.0,147.50999450683594,buy,session,2020-02-03-bfe6da5f
2020-02-03,fill,VMRK,-250.04999542236328,3.0,83.3499984741211,buy,session,2020-02-03-bfe6da5f
2020-02-03,fill,VRSK,-489.0899963378906,3.0,163.02999877929688,buy,session,2020-02-03-bfe6da5f
2020-02-03,fill,VRSN,-417.260009765625,2.0,208.6300048828125,buy,session,2020-02-03-bfe6da5f
2020-02-03,fill,VRTX,-692.2799835205078,3.0,230.759994506836,buy,session,2020-02-03-bfe6da5f
2020-02-03,fill,ZTS,-269.4599914550781,2.0,134.72999572753906,buy,session,2020-02-03-bfe6da5f
2020-02-04,fill,AMAT,184.2299995422364,3.0,61.40999984741211,sell,session,2020-02-04-bbeb2246
2020-02-04,fill,CRM,188.0,1.0,188.0,sell,session,2020-02-04-bbeb2246
2020-02-04,fill,GILD,476.0,7.0,68.0,sell,session,2020-02-04-bbeb2246
2020-02-04,fill,MA,656.47998046875,2.0,328.239990234375,sell,session,2020-02-04-bbeb2246
2020-02-04,fill,MDT,238.8999938964844,2.0,119.4499969482422,sell,session,2020-02-04-bbeb2246
2020-02-04,fill,MSFT,1239.979995727539,7.0,177.13999938964844,sell,session,2020-02-04-bbeb2246
2020-02-04,fill,NKE,407.6400146484375,4.0,101.91000366210938,sell,session,2020-02-04-bbeb2246
2020-02-04,fill,PYPL,236.0800018310547,2.0,118.04000091552734,sell,session,2020-02-04-bbeb2246
2020-02-04,fill,RMD,165.44000244140625,1.0,165.44000244140625,sell,session,2020-02-04-bbeb2246
2020-02-04,fill,SWKS,117.88999938964844,1.0,117.88999938964844,sell,session,2020-02-04-bbeb2246
2020-02-04,fill,TXN,252.0,2.0,126.0,sell,session,2020-02-04-bbeb2246
2020-02-04,fill,VRSK,166.8000030517578,1.0,166.8000030517578,sell,session,2020-02-04-bbeb2246
2020-02-04,fill,ADI,-112.26000213623048,1.0,112.26000213623048,buy,session,2020-02-04-bbeb2246
2020-02-04,fill,AMT,-234.4199981689453,1.0,234.4199981689453,buy,session,2020-02-04-bbeb2246
2020-02-04,fill,BR,-117.9800033569336,1.0,117.9800033569336,buy,session,2020-02-04-bbeb2246
2020-02-04,fill,CME,-216.47999572753903,1.0,216.47999572753903,buy,session,2020-02-04-bbeb2246
2020-02-04,fill,COP,-117.86000061035156,2.0,58.93000030517578,buy,session,2020-02-04-bbeb2246
2020-02-04,fill,DRI,-115.88999938964844,1.0,115.88999938964844,buy,session,2020-02-04-bbeb2246
2020-02-04,fill,GEN,-1091.7899951934814,63.0,17.329999923706055,buy,session,2020-02-04-bbeb2246
2020-02-04,fill,ICE,-100.76000213623048,1.0,100.76000213623048,buy,session,2020-02-04-bbeb2246
2020-02-04,fill,JNJ,-151.49000549316406,1.0,151.49000549316406,buy,session,2020-02-04-bbeb2246
2020-02-04,fill,MCD,-216.1100006103516,1.0,216.1100006103516,buy,session,2020-02-04-bbeb2246
2020-02-04,fill,NSC,-209.44000244140625,1.0,209.44000244140625,buy,session,2020-02-04-bbeb2246
2020-02-04,fill,PG,-377.129997253418,3.0,125.70999908447266,buy,session,2020-02-04-bbeb2246
2020-02-04,fill,UNP,-182.6999969482422,1.0,182.6999969482422,buy,session,2020-02-04-bbeb2246
2020-02-04,fill,ZTS,-274.1600036621094,2.0,137.0800018310547,buy,session,2020-02-04-bbeb2246
2020-02-05,purification_post,,-0.2641786061881804,,,ex-date impure dividend,session,
2020-02-05,fill,ABBV,170.1199951171875,2.0,85.05999755859375,sell,session,2020-02-05-2b728a28
2020-02-05,fill,AMAT,255.9199981689453,4.0,63.97999954223633,sell,session,2020-02-05-2b728a28
2020-02-05,fill,BIIB,285.6300048828125,1.0,285.6300048828125,sell,session,2020-02-05-2b728a28
2020-02-05,fill,CSCO,144.99000549316406,3.0,48.33000183105469,sell,session,2020-02-05-2b728a28
2020-02-05,fill,META,637.5299835205078,3.0,212.509994506836,sell,session,2020-02-05-2b728a28
2020-02-05,fill,MSCI,304.45001220703125,1.0,304.45001220703125,sell,session,2020-02-05-2b728a28
2020-02-05,fill,MSFT,1288.209991455078,7.0,184.02999877929688,sell,session,2020-02-05-2b728a28
2020-02-05,fill,MU,114.04000091552734,2.0,57.02000045776367,sell,session,2020-02-05-2b728a28
2020-02-05,fill,NKE,101.76000213623048,1.0,101.76000213623048,sell,session,2020-02-05-2b728a28
2020-02-05,fill,PH,209.47999572753903,1.0,209.47999572753903,sell,session,2020-02-05-2b728a28
2020-02-05,fill,PYPL,242.3999938964844,2.0,121.1999969482422,sell,session,2020-02-05-2b728a28
2020-02-05,fill,SBUX,177.75999450683594,2.0,88.87999725341797,sell,session,2020-02-05-2b728a28
2020-02-05,fill,TXN,128.66000366210938,1.0,128.66000366210938,sell,session,2020-02-05-2b728a28
2020-02-05,fill,VEEV,155.75,1.0,155.75,sell,session,2020-02-05-2b728a28
2020-02-05,fill,VRTX,241.6100006103516,1.0,241.6100006103516,sell,session,2020-02-05-2b728a28
2020-02-05,fill,ZTS,139.9600067138672,1.0,139.9600067138672,sell,session,2020-02-05-2b728a28
2020-02-05,fill,CME,-216.22000122070312,1.0,216.22000122070312,buy,session,2020-02-05-2b728a28
2020-02-05,fill,COP,-687.3599853515625,12.0,57.27999877929688,buy,session,2020-02-05-2b728a28
2020-02-05,fill,CRM,-190.3999938964844,1.0,190.3999938964844,buy,session,2020-02-05-2b728a28
2020-02-05,fill,ICE,-748.8800048828125,8.0,93.61000061035156,buy,session,2020-02-05-2b728a28
2020-02-05,fill,JNJ,-606.8800048828125,4.0,151.72000122070312,buy,session,2020-02-05-2b728a28
2020-02-05,fill,LUV,-112.86000061035156,2.0,56.43000030517578,buy,session,2020-02-05-2b728a28
2020-02-05,fill,MA,-335.0,1.0,335.0,buy,session,2020-02-05-2b728a28
2020-02-05,fill,MCD,-431.2799987792969,2.0,215.63999938964844,buy,session,2020-02-05-2b728a28
2020-02-05,fill,MDT,-120.62999725341795,1.0,120.62999725341795,buy,session,2020-02-05-2b728a28
2020-02-05,fill,NEM,-308.4899978637696,7.0,44.06999969482422,buy,session,2020-02-05-2b728a28
2020-02-05,fill,PG,-629.5500183105469,5.0,125.91000366210938,buy,session,2020-02-05-2b728a28
2020-02-05,fill,PGR,-244.79999542236328,3.0,81.5999984741211,buy,session,2020-02-05-2b728a28
2020-02-05,fill,SPGI,-283.4153137207031,1.0,283.4153137207031,buy,session,2020-02-05-2b728a28
2020-02-05,fill,VTR,-116.33999633789062,2.0,58.16999816894531,buy,session,2020-02-05-2b728a28
2020-02-06,fill,ABBV,439.4499969482422,5.0,87.88999938964844,sell,session,2020-02-06-0d5f607d
2020-02-06,fill,ADI,233.8800048828125,2.0,116.94000244140624,sell,session,2020-02-06-0d5f607d
2020-02-06,fill,AMGN,701.1600036621094,3.0,233.72000122070312,sell,session,2020-02-06-0d5f607d
2020-02-06,fill,BIIB,1353.56005859375,4.0,338.3900146484375,sell,session,2020-02-06-0d5f607d
2020-02-06,fill,COP,354.4199981689453,6.0,59.06999969482422,sell,session,2020-02-06-0d5f607d
2020-02-06,fill,CSCO,292.1399917602539,6.0,48.68999862670898,sell,session,2020-02-06-0d5f607d
2020-02-06,fill,ITW,186.13999938964844,1.0,186.13999938964844,sell,session,2020-02-06-0d5f607d
2020-02-06,fill,JKHY,165.25999450683594,1.0,165.25999450683594,sell,session,2020-02-06-0d5f607d
2020-02-06,fill,JNJ,462.75,3.0,154.25,sell,session,2020-02-06-0d5f607d
2020-02-06,fill,LUV,114.76000213623048,2.0,57.380001068115234,sell,session,2020-02-06-0d5f607d
2020-02-06,fill,MU,116.16000366210938,2.0,58.08000183105469,sell,session,2020-02-06-0d5f607d
2020-02-06,fill,ORCL,165.0,3.0,55.0,sell,session,2020-02-06-0d5f607d
2020-02-06,fill,PGR,166.05999755859375,2.0,83.02999877929688,sell,session,2020-02-06-0d5f607d
2020-02-06,fill,REGN,385.5299987792969,1.0,385.5299987792969,sell,session,2020-02-06-0d5f607d
2020-02-06,fill,TXN,665.0,5.0,133.0,sell,session,2020-02-06-0d5f607d
2020-02-06,fill,ACN,-213.0,1.0,213.0,buy,session,2020-02-06-0d5f607d
2020-02-06,fill,ADSK,-203.6199951171875,1.0,203.6199951171875,buy,session,2020-02-06-0d5f607d
2020-02-06,fill,AMT,-237.17999267578125,1.0,237.17999267578125,buy,session,2020-02-06-0d5f607d
2020-02-06,fill,CME,-213.1699981689453,1.0,213.1699981689453,buy,session,2020-02-06-0d5f607d
2020-02-06,fill,CRM,-560.4900054931641,3.0,186.8300018310547,buy,session,2020-02-06-0d5f607d
2020-02-06,fill,GILD,-403.74000549316406,6.0,67.29000091552734,buy,session,2020-02-06-0d5f607d
2020-02-06,fill,GPN,-201.0200042724609,1.0,201.0200042724609,buy,session,2020-02-06-0d5f607d
2020-02-06,fill,ISRG,-192.6666717529297,1.0,192.6666717529297,buy,session,2020-02-06-0d5f607d
2020-02-06,fill,KDP,-115.04000091552734,4.0,28.76000022888184,buy,session,2020-02-06-0d5f607d
2020-02-06,fill,MA,-329.32000732421875,1.0,329.32000732421875,buy,session,2020-02-06-0d5f607d
2020-02-06,fill,MCD,-214.72000122070312,1.0,214.72000122070312,buy,session,2020-02-06-0d5f607d
2020-02-06,fill,MCO,-266.4200134277344,1.0,266.4200134277344,buy,session,2020-02-06-0d5f607d
2020-02-06,fill,META,-420.9400024414063,2.0,210.47000122070312,buy,session,2020-02-06-0d5f607d
2020-02-06,fill,MSCI,-296.04998779296875,1.0,296.04998779296875,buy,session,2020-02-06-0d5f607d
2020-02-06,fill,MSFT,-723.8800048828125,4.0,180.97000122070312,buy,session,2020-02-06-0d5f607d
2020-02-06,fill,NKE,-403.6000061035156,4.0,100.9000015258789,buy,session,2020-02-06-0d5f607d
2020-02-06,fill,PYPL,-240.17999267578125,2.0,120.08999633789062,buy,session,2020-02-06-0d5f607d
2020-02-06,fill,SBUX,-262.9500045776367,3.0,87.6500015258789,buy,session,2020-02-06-0d5f607d
2020-02-06,fill,VEEV,-151.89999389648438,1.0,151.89999389648438,buy,session,2020-02-06-0d5f607d
2020-02-06,fill,VMRK,-167.0399932861328,2.0,83.5199966430664,buy,session,2020-02-06-0d5f607d
2020-02-06,fill,VRSK,-169.5500030517578,1.0,169.5500030517578,buy,session,2020-02-06-0d5f607d
2020-02-06,fill,ZTS,-137.9600067138672,1.0,137.9600067138672,buy,session,2020-02-06-0d5f607d
2020-02-07,fill,ADSK,205.5800018310547,1.0,205.5800018310547,sell,session,2020-02-07-56b93dfa
2020-02-07,fill,DRI,121.5,1.0,121.5,sell,session,2020-02-07-56b93dfa
2020-02-07,fill,EL,419.739990234375,2.0,209.8699951171875,sell,session,2020-02-07-56b93dfa
2020-02-07,fill,GILD,349.900016784668,5.0,69.9800033569336,sell,session,2020-02-07-56b93dfa
2020-02-07,fill,ISRG,193.77999877929688,1.0,193.77999877929688,sell,session,2020-02-07-56b93dfa
2020-02-07,fill,LVS,135.39999389648438,2.0,67.69999694824219,sell,session,2020-02-07-56b93dfa
2020-02-07,fill,MCO,268.010009765625,1.0,268.010009765625,sell,session,2020-02-07-56b93dfa
2020-02-07,fill,MSFT,1462.800048828125,8.0,182.8500061035156,sell,session,2020-02-07-56b93dfa
2020-02-07,fill,MU,289.8500061035156,5.0,57.970001220703125,sell,session,2020-02-07-56b93dfa
2020-02-07,fill,ADI,-115.0,1.0,115.0,buy,session,2020-02-07-56b93dfa
2020-02-07,fill,COP,-115.62000274658205,2.0,57.810001373291016,buy,session,2020-02-07-56b93dfa
2020-02-07,fill,GRMN,-195.33999633789065,2.0,97.66999816894533,buy,session,2020-02-07-56b93dfa
2020-02-07,fill,HAS,-102.27999877929688,1.0,102.27999877929688,buy,session,2020-02-07-56b93dfa
2020-02-07,fill,ICE,-375.6000061035156,4.0,93.9000015258789,buy,session,2020-02-07-56b93dfa
2020-02-07,fill,JNJ,-460.0199890136719,3.0,153.33999633789062,buy,session,2020-02-07-56b93dfa
2020-02-07,fill,MCD,-425.1199951171875,2.0,212.5599975585937,buy,session,2020-02-07-56b93dfa
2020-02-07,fill,META,-210.3000030517578,1.0,210.3000030517578,buy,session,2020-02-07-56b93dfa
2020-02-07,fill,NKE,-199.6199951171875,2.0,99.80999755859376,buy,session,2020-02-07-56b93dfa
2020-02-07,fill,ORCL,-162.81000137329102,3.0,54.27000045776367,buy,session,2020-02-07-56b93dfa
2020-02-07,fill,PG,-127.19000244140624,1.0,127.19000244140624,buy,session,2020-02-07-56b93dfa
2020-02-07,fill,PYPL,-119.5999984741211,1.0,119.5999984741211,buy,session,2020-02-07-56b93dfa
2020-02-07,fill,SBUX,-343.0400085449219,4.0,85.76000213623047,buy,session,2020-02-07-56b93dfa
2020-02-07,fill,SWKS,-116.41999816894533,1.0,116.41999816894533,buy,session,2020-02-07-56b93dfa
2020-02-07,fill,TXN,-131.25,1.0,131.25,buy,session,2020-02-07-56b93dfa
2020-02-10,fill,ABBV,1200.6800079345703,13.0,92.36000061035156,sell,session,2020-02-10-a99d2d46
2020-02-10,fill,AMT,239.67999267578125,1.0,239.67999267578125,sell,session,2020-02-10-a99d2d46
2020-02-10,fill,GEN,338.9800090789795,17.0,19.940000534057617,sell,session,2020-02-10-a99d2d46
2020-02-10,fill,GILD,207.95999908447263,3.0,69.31999969482422,sell,session,2020-02-10-a99d2d46
2020-02-10,fill,ICE,277.62000274658203,3.0,92.54000091552734,sell,session,2020-02-10-a99d2d46
2020-02-10,fill,META,1057.6000213623047,5.0,211.5200042724609,sell,session,2020-02-10-a99d2d46
2020-02-10,fill,MSFT,734.3200073242188,4.0,183.5800018310547,sell,session,2020-02-10-a99d2d46
2020-02-10,fill,ORCL,109.44000244140624,2.0,54.720001220703125,sell,session,2020-02-10-a99d2d46
2020-02-10,fill,SBUX,172.86000061035156,2.0,86.43000030517578,sell,session,2020-02-10-a99d2d46
2020-02-10,fill,ADI,-110.91000366210938,1.0,110.91000366210938,buy,session,2020-02-10-a99d2d46
2020-02-10,fill,AMAT,-183.2400054931641,3.0,61.08000183105469,buy,session,2020-02-10-a99d2d46
2020-02-10,fill,AMCR,-161.70000457763672,3.0,53.900001525878906,buy,session,2020-02-10-a99d2d46
2020-02-10,fill,AMGN,-228.1499938964844,1.0,228.1499938964844,buy,session,2020-02-10-a99d2d46
2020-02-10,fill,CPAY,-305.6199951171875,1.0,305.6199951171875,buy,session,2020-02-10-a99d2d46
2020-02-10,fill,CSCO,-335.9300117492676,7.0,47.9900016784668,buy,session,2020-02-10-a99d2d46
2020-02-10,fill,DRI,-120.62000274658205,1.0,120.62000274658205,buy,session,2020-02-10-a99d2d46
2020-02-10,fill,ILMN,-286.3424072265625,1.0,286.3424072265625,buy,session,2020-02-10-a99d2d46
2020-02-10,fill,ITW,-183.0599975585937,1.0,183.0599975585937,buy,session,2020-02-10-a99d2d46
2020-02-10,fill,JNJ,-303.3599853515625,2.0,151.67999267578125,buy,session,2020-02-10-a99d2d46
2020-02-10,fill,LVS,-264.3599853515625,4.0,66.08999633789062,buy,session,2020-02-10-a99d2d46
2020-02-10,fill,MA,-325.6199951171875,1.0,325.6199951171875,buy,session,2020-02-10-a99d2d46
2020-02-10,fill,MDT,-354.95999908447266,3.0,118.31999969482422,buy,session,2020-02-10-a99d2d46
2020-02-10,fill,MU,-225.1999969482422,4.0,56.29999923706055,buy,session,2020-02-10-a99d2d46
2020-02-10,fill,PG,-126.45999908447266,1.0,126.45999908447266,buy,session,2020-02-10-a99d2d46
2020-02-10,fill,PYPL,-118.55999755859376,1.0,118.55999755859376,buy,session,2020-02-10-a99d2d46
2020-02-10,fill,TXN,-382.65000915527344,3.0,127.5500030517578,buy,session,2020-02-10-a99d2d46
2020-02-10,fill,UNP,-181.9900054931641,1.0,181.9900054931641,buy,session,2020-02-10-a99d2d46
2020-02-10,fill,VRSN,-205.509994506836,1.0,205.509994506836,buy,session,2020-02-10-a99d2d46
2020-02-11,fill,ABBV,285.7800064086914,3.0,95.26000213623048,sell,session,2020-02-11-29ba2a71
2020-02-11,fill,AMT,246.5500030517578,1.0,246.5500030517578,sell,session,2020-02-11-29ba2a71
2020-02-11,fill,CRM,382.9599914550781,2.0,191.47999572753903,sell,session,2020-02-11-29ba2a71
2020-02-11,fill,CSCO,296.3399963378906,6.0,49.38999938964844,sell,session,2020-02-11-29ba2a71
2020-02-11,fill,GPN,205.1600036621093,1.0,205.1600036621093,sell,session,2020-02-11-29ba2a71
2020-02-11,fill,ICE,189.8000030517578,2.0,94.9000015258789,sell,session,2020-02-11-29ba2a71
2020-02-11,fill,MSFT,1715.8499450683594,9.0,190.6499938964844,sell,session,2020-02-11-29ba2a71
2020-02-11,fill,PYPL,120.76000213623048,1.0,120.76000213623048,sell,session,2020-02-11-29ba2a71
2020-02-11,fill,ZTS,143.39999389648438,1.0,143.39999389648438,sell,session,2020-02-11-29ba2a71
2020-02-11,fill,ACN,-213.3800048828125,1.0,213.3800048828125,buy,session,2020-02-11-29ba2a71
2020-02-11,fill,AMCR,-108.5,2.0,54.25,buy,session,2020-02-11-29ba2a71
2020-02-11,fill,AMGN,-227.6999969482422,1.0,227.6999969482422,buy,session,2020-02-11-29ba2a71
2020-02-11,fill,COP,-117.6999969482422,2.0,58.84999847412109,buy,session,2020-02-11-29ba2a71
2020-02-11,fill,EL,-210.4199981689453,1.0,210.4199981689453,buy,session,2020-02-11-29ba2a71
2020-02-11,fill,EXPE,-109.29000091552734,1.0,109.29000091552734,buy,session,2020-02-11-29ba2a71
2020-02-11,fill,GILD,-137.86000061035156,2.0,68.93000030517578,buy,session,2020-02-11-29ba2a71
2020-02-11,fill,JNJ,-609.1599731445312,4.0,152.2899932861328,buy,session,2020-02-11-29ba2a71
2020-02-11,fill,MDT,-119.93000030517578,1.0,119.93000030517578,buy,session,2020-02-11-29ba2a71
2020-02-11,fill,META,-420.3800048828125,2.0,210.19000244140625,buy,session,2020-02-11-29ba2a71
2020-02-11,fill,NKE,-100.06999969482422,1.0,100.06999969482422,buy,session,2020-02-11-29ba2a71
2020-02-11,fill,NSC,-210.6300048828125,1.0,210.6300048828125,buy,session,2020-02-11-29ba2a71
2020-02-11,fill,ORCL,-110.33999633789062,2.0,55.16999816894531,buy,session,2020-02-11-29ba2a71
2020-02-11,fill,PG,-378.8099899291992,3.0,126.2699966430664,buy,session,2020-02-11-29ba2a71
2020-02-12,purification_post,,-0.0792910318776385,,,ex-date impure dividend,session,
2020-02-12,fill,ABBV,287.9400100708008,3.0,95.9800033569336,sell,session,2020-02-12-8019e622
2020-02-12,fill,ADI,234.82000732421875,2.0,117.41000366210938,sell,session,2020-02-12-8019e622
2020-02-12,fill,AMAT,324.6500015258789,5.0,64.93000030517578,sell,session,2020-02-12-8019e622
2020-02-12,fill,AMCR,161.39999771118164,3.0,53.79999923706055,sell,session,2020-02-12-8019e622
2020-02-12,fill,AMGN,229.47000122070312,1.0,229.47000122070312,sell,session,2020-02-12-8019e622
2020-02-12,fill,AMT,762.8399963378906,3.0,254.27999877929688,sell,session,2020-02-12-8019e622
2020-02-12,fill,COP,179.70000457763672,3.0,59.900001525878906,sell,session,2020-02-12-8019e622
2020-02-12,fill,CSCO,247.1500015258789,5.0,49.43000030517578,sell,session,2020-02-12-8019e622
2020-02-12,fill,DRI,122.6500015258789,1.0,122.6500015258789,sell,session,2020-02-12-8019e622
2020-02-12,fill,EL,211.3600006103516,1.0,211.3600006103516,sell,session,2020-02-12-8019e622
2020-02-12,fill,EXPE,109.81999969482422,1.0,109.81999969482422,sell,session,2020-02-12-8019e622
2020-02-12,fill,GEN,103.59999656677246,5.0,20.71999931335449,sell,session,2020-02-12-8019e622
2020-02-12,fill,ITW,187.759994506836,1.0,187.759994506836,sell,session,2020-02-12-8019e622
2020-02-12,fill,JNJ,151.8699951171875,1.0,151.8699951171875,sell,session,2020-02-12-8019e622
2020-02-12,fill,LVS,209.73001098632807,3.0,69.91000366210938,sell,session,2020-02-12-8019e622
2020-02-12,fill,MA,330.82000732421875,1.0,330.82000732421875,sell,session,2020-02-12-8019e622
2020-02-12,fill,MCD,432.0,2.0,216.0,sell,session,2020-02-12-8019e622
2020-02-12,fill,ORCL,166.64999771118164,3.0,55.54999923706055,sell,session,2020-02-12-8019e622
2020-02-12,fill,REGN,398.1300048828125,1.0,398.1300048828125,sell,session,2020-02-12-8019e622
2020-02-12,fill,STE,163.0,1.0,163.0,sell,session,2020-02-12-8019e622
2020-02-12,fill,SWKS,120.61000061035156,1.0,120.61000061035156,sell,session,2020-02-12-8019e622
2020-02-12,fill,TXN,131.64999389648438,1.0,131.64999389648438,sell,session,2020-02-12-8019e622
2020-02-12,fill,VRTX,247.6100006103516,1.0,247.6100006103516,sell,session,2020-02-12-8019e622
2020-02-12,fill,ZTS,143.4499969482422,1.0,143.4499969482422,sell,session,2020-02-12-8019e622
2020-02-12,fill,CME,-208.1000061035156,1.0,208.1000061035156,buy,session,2020-02-12-8019e622
2020-02-12,fill,GILD,-135.0,2.0,67.5,buy,session,2020-02-12-8019e622
2020-02-12,fill,META,-2286.350067138672,11.0,207.8500061035156,buy,session,2020-02-12-8019e622
2020-02-12,fill,MSFT,-2041.3800201416016,11.0,185.5800018310547,buy,session,2020-02-12-8019e622
2020-02-12,fill,PG,-618.4000015258789,5.0,123.68000030517578,buy,session,2020-02-12-8019e622
2020-02-12,fill,PYPL,-237.6999969482422,2.0,118.8499984741211,buy,session,2020-02-12-8019e622
2020-02-12,fill,SPGI,-279.4228820800781,1.0,279.4228820800781,buy,session,2020-02-12-8019e622
2020-02-12,fill,UNP,-184.82000732421875,1.0,184.82000732421875,buy,session,2020-02-12-8019e622
2020-02-13,purification_post,,-0.1924178268391135,,,ex-date impure dividend,session,
2020-02-13,fill,ABBV,290.5499954223633,3.0,96.8499984741211,sell,session,2020-02-13-18ec30c4
2020-02-13,fill,ADBE,372.55999755859375,1.0,372.55999755859375,sell,session,2020-02-13-18ec30c4
2020-02-13,fill,BR,122.7300033569336,1.0,122.7300033569336,sell,session,2020-02-13-18ec30c4
2020-02-13,fill,COP,118.18000030517578,2.0,59.09000015258789,sell,session,2020-02-13-18ec30c4
2020-02-13,fill,CSCO,330.05001068115234,7.0,47.150001525878906,sell,session,2020-02-13-18ec30c4
2020-02-13,fill,EL,213.7400054931641,1.0,213.7400054931641,sell,session,2020-02-13-18ec30c4
2020-02-13,fill,LVS,211.23001098632807,3.0,70.41000366210938,sell,session,2020-02-13-18ec30c4
2020-02-13,fill,MA,332.3099975585937,1.0,332.3099975585937,sell,session,2020-02-13-18ec30c4
2020-02-13,fill,META,1047.6000213623047,5.0,209.5200042724609,sell,session,2020-02-13-18ec30c4
2020-02-13,fill,MSCI,307.1700134277344,1.0,307.1700134277344,sell,session,2020-02-13-18ec30c4
2020-02-13,fill,MU,236.0399932861328,4.0,59.0099983215332,sell,session,2020-02-13-18ec30c4
2020-02-13,fill,NKE,615.0600128173828,6.0,102.51000213623048,sell,session,2020-02-13-18ec30c4
2020-02-13,fill,NTAP,106.95999908447266,2.0,53.47999954223633,sell,session,2020-02-13-18ec30c4
2020-02-13,fill,ORCL,110.62000274658205,2.0,55.310001373291016,sell,session,2020-02-13-18ec30c4
2020-02-13,fill,SBUX,177.0,2.0,88.5,sell,session,2020-02-13-18ec30c4
2020-02-13,fill,SPGI,285.6386108398437,1.0,285.6386108398437,sell,session,2020-02-13-18ec30c4
2020-02-13,fill,TXN,131.8800048828125,1.0,131.8800048828125,sell,session,2020-02-13-18ec30c4
2020-02-13,fill,AMCR,-464.85001373291016,9.0,51.650001525878906,buy,session,2020-02-13-18ec30c4
2020-02-13,fill,AMGN,-449.9800109863281,2.0,224.9900054931641,buy,session,2020-02-13-18ec30c4
2020-02-13,fill,BIIB,-329.20001220703125,1.0,329.20001220703125,buy,session,2020-02-13-18ec30c4
2020-02-13,fill,CBOE,-122.86000061035156,1.0,122.86000061035156,buy,session,2020-02-13-18ec30c4
2020-02-13,fill,CME,-207.6999969482422,1.0,207.6999969482422,buy,session,2020-02-13-18ec30c4
2020-02-13,fill,CRM,-188.5,1.0,188.5,buy,session,2020-02-13-18ec30c4
2020-02-13,fill,FICO,-409.0,1.0,409.0,buy,session,2020-02-13-18ec30c4
2020-02-13,fill,GILD,-268.5199890136719,4.0,67.12999725341797,buy,session,2020-02-13-18ec30c4
2020-02-13,fill,GPN,-200.7899932861328,1.0,200.7899932861328,buy,session,2020-02-13-18ec30c4
2020-02-13,fill,JNJ,-750.8000183105469,5.0,150.16000366210938,buy,session,2020-02-13-18ec30c4
2020-02-13,fill,MDT,-690.0,6.0,115.0,buy,session,2020-02-13-18ec30c4
2020-02-13,fill,MSFT,-366.1600036621094,2.0,183.0800018310547,buy,session,2020-02-13-18ec30c4
2020-02-13,fill,NEM,-133.04999542236328,3.0,44.34999847412109,buy,session,2020-02-13-18ec30c4
2020-02-13,fill,PG,-618.650016784668,5.0,123.7300033569336,buy,session,2020-02-13-18ec30c4
2020-02-13,fill,PYPL,-118.04000091552734,1.0,118.04000091552734,buy,session,2020-02-13-18ec30c4
2020-02-13,fill,ZTS,-141.92999267578125,1.0,141.92999267578125,buy,session,2020-02-13-18ec30c4
2020-02-14,purification_post,,-0.0287497759455099,,,ex-date impure dividend,session,
2020-02-14,fill,AMAT,337.2999954223633,5.0,67.45999908447266,sell,session,2020-02-14-e773dc63
2020-02-14,fill,BIIB,334.0,1.0,334.0,sell,session,2020-02-14-e773dc63
2020-02-14,fill,CBOE,124.4000015258789,1.0,124.4000015258789,sell,session,2020-02-14-e773dc63
2020-02-14,fill,CDNS,159.1199951171875,2.0,79.55999755859375,sell,session,2020-02-14-e773dc63
2020-02-14,fill,FICO,420.0,1.0,420.0,sell,session,2020-02-14-e773dc63
2020-02-14,fill,MA,337.4599914550781,1.0,337.4599914550781,sell,session,2020-02-14-e773dc63
2020-02-14,fill,MDT,116.8499984741211,1.0,116.8499984741211,sell,session,2020-02-14-e773dc63
2020-02-14,fill,META,1070.0,5.0,214.0,sell,session,2020-02-14-e773dc63
2020-02-14,fill,NKE,103.52999877929688,1.0,103.52999877929688,sell,session,2020-02-14-e773dc63
2020-02-14,fill,PG,626.4500045776367,5.0,125.29000091552734,sell,session,2020-02-14-e773dc63
2020-02-14,fill,PYPL,362.6699981689453,3.0,120.88999938964844,sell,session,2020-02-14-e773dc63
2020-02-14,fill,SBUX,270.54000091552734,3.0,90.18000030517578,sell,session,2020-02-14-e773dc63
2020-02-14,fill,TXN,133.47999572753906,1.0,133.47999572753906,sell,session,2020-02-14-e773dc63
2020-02-14,fill,VRSN,210.0,1.0,210.0,sell,session,2020-02-14-e773dc63
2020-02-14,fill,ZTS,144.94000244140625,1.0,144.94000244140625,sell,session,2020-02-14-e773dc63
2020-02-14,fill,ABBV,-476.150016784668,5.0,95.2300033569336,buy,session,2020-02-14-e773dc63
2020-02-14,fill,AMCR,-302.7000045776367,6.0,50.45000076293945,buy,session,2020-02-14-e773dc63
2020-02-14,fill,AMGN,-222.92999267578125,1.0,222.92999267578125,buy,session,2020-02-14-e773dc63
2020-02-14,fill,BR,-122.8000030517578,1.0,122.8000030517578,buy,session,2020-02-14-e773dc63
2020-02-14,fill,COP,-176.6099967956543,3.0,58.869998931884766,buy,session,2020-02-14-e773dc63
2020-02-14,fill,CSCO,-1556.2799949645996,33.0,47.15999984741211,buy,session,2020-02-14-e773dc63
2020-02-14,fill,JNJ,-301.1199951171875,2.0,150.55999755859375,buy,session,2020-02-14-e773dc63
2020-02-14,fill,KDP,-114.5999984741211,4.0,28.64999961853028,buy,session,2020-02-14-e773dc63
2020-02-14,fill,LVS,-207.0,3.0,69.0,buy,session,2020-02-14-e773dc63
2020-02-14,fill,MSFT,-549.75,3.0,183.25,buy,session,2020-02-14-e773dc63
2020-02-14,fill,NTAP,-165.7799949645996,3.0,55.2599983215332,buy,session,2020-02-14-e773dc63
2020-02-14,fill,ORCL,-166.1400032043457,3.0,55.380001068115234,buy,session,2020-02-14-e773dc63
2020-02-14,fill,TROW,-136.4600067138672,1.0,136.4600067138672,buy,session,2020-02-14-e773dc63
2020-02-14,fill,VRTX,-241.2400054931641,1.0,241.2400054931641,buy,session,2020-02-14-e773dc63
2020-02-18,fill,CME,210.1499938964844,1.0,210.1499938964844,sell,session,2020-02-18-61a82b33
2020-02-18,fill,EXPE,244.13999938964844,2.0,122.06999969482422,sell,session,2020-02-18-61a82b33
2020-02-18,fill,GPN,206.0,1.0,206.0,sell,session,2020-02-18-61a82b33
2020-02-18,fill,INTU,303.95001220703125,1.0,303.95001220703125,sell,session,2020-02-18-61a82b33
2020-02-18,fill,MA,341.6199951171875,1.0,341.6199951171875,sell,session,2020-02-18-61a82b33
2020-02-18,fill,MSFT,556.8300018310547,3.0,185.6100006103516,sell,session,2020-02-18-61a82b33
2020-02-18,fill,PG,251.6600036621093,2.0,125.83000183105467,sell,session,2020-02-18-61a82b33
2020-02-18,fill,PYPL,367.74000549316406,3.0,122.58000183105467,sell,session,2020-02-18-61a82b33
2020-02-18,fill,RMD,176.13999938964844,1.0,176.13999938964844,sell,session,2020-02-18-61a82b33
2020-02-18,fill,SPGI,290.37841796875,1.0,290.37841796875,sell,session,2020-02-18-61a82b33
2020-02-18,fill,VEEV,159.64999389648438,1.0,159.64999389648438,sell,session,2020-02-18-61a82b33
2020-02-18,fill,ABBV,-374.6799926757813,4.0,93.66999816894533,buy,session,2020-02-18-61a82b33
2020-02-18,fill,AMAT,-128.4600067138672,2.0,64.2300033569336,buy,session,2020-02-18-61a82b33
2020-02-18,fill,BIIB,-343.6600036621094,1.0,343.6600036621094,buy,session,2020-02-18-61a82b33
2020-02-18,fill,CSCO,-374.55999755859375,8.0,46.81999969482422,buy,session,2020-02-18-61a82b33
2020-02-18,fill,DRI,-121.16000366210938,1.0,121.16000366210938,buy,session,2020-02-18-61a82b33
2020-02-18,fill,JNJ,-300.94000244140625,2.0,150.47000122070312,buy,session,2020-02-18-61a82b33
2020-02-18,fill,LVS,-204.7199935913086,3.0,68.23999786376953,buy,session,2020-02-18-61a82b33
2020-02-18,fill,MCD,-215.9199981689453,1.0,215.9199981689453,buy,session,2020-02-18-61a82b33
2020-02-18,fill,MU,-114.13999938964844,2.0,57.06999969482422,buy,session,2020-02-18-61a82b33
2020-02-18,fill,NKE,-103.0,1.0,103.0,buy,session,2020-02-18-61a82b33
2020-02-18,fill,ROK,-199.4499969482422,1.0,199.4499969482422,buy,session,2020-02-18-61a82b33
2020-02-18,fill,SBUX,-178.74000549316406,2.0,89.37000274658203,buy,session,2020-02-18-61a82b33
2020-02-18,fill,STLD,-113.1999969482422,4.0,28.299999237060547,buy,session,2020-02-18-61a82b33
2020-02-18,fill,SWKS,-116.06999969482422,1.0,116.06999969482422,buy,session,2020-02-18-61a82b33
2020-02-18,fill,TXN,-131.10000610351562,1.0,131.10000610351562,buy,session,2020-02-18-61a82b33
2020-02-19,fill,BIIB,338.0,1.0,338.0,sell,session,2020-02-19-1a304997
2020-02-19,fill,CRM,192.0,1.0,192.0,sell,session,2020-02-19-1a304997
2020-02-19,fill,MA,343.989990234375,1.0,343.989990234375,sell,session,2020-02-19-1a304997
2020-02-19,fill,MCO,282.1199951171875,1.0,282.1199951171875,sell,session,2020-02-19-1a304997
2020-02-19,fill,META,1743.9200439453125,8.0,217.9900054931641,sell,session,2020-02-19-1a304997
2020-02-19,fill,MSFT,1128.3599853515625,6.0,188.0599975585937,sell,session,2020-02-19-1a304997
2020-02-19,fill,NEM,183.0,4.0,45.75,sell,session,2020-02-19-1a304997
2020-02-19,fill,AMAT,-199.5,3.0,66.5,buy,session,2020-02-19-1a304997
2020-02-19,fill,AMGN,-222.94000244140625,1.0,222.94000244140625,buy,session,2020-02-19-1a304997
2020-02-19,fill,AMT,-251.2400054931641,1.0,251.2400054931641,buy,session,2020-02-19-1a304997
2020-02-19,fill,CBOE,-124.16999816894533,1.0,124.16999816894533,buy,session,2020-02-19-1a304997
2020-02-19,fill,COP,-117.5,2.0,58.75,buy,session,2020-02-19-1a304997
2020-02-19,fill,CSCO,-233.4499931335449,5.0,46.68999862670898,buy,session,2020-02-19-1a304997
2020-02-19,fill,EL,-212.5,1.0,212.5,buy,session,2020-02-19-1a304997
2020-02-19,fill,ITW,-186.9199981689453,1.0,186.9199981689453,buy,session,2020-02-19-1a304997
2020-02-19,fill,JNJ,-298.4200134277344,2.0,149.2100067138672,buy,session,2020-02-19-1a304997
2020-02-19,fill,MDT,-911.2000122070312,8.0,113.9000015258789,buy,session,2020-02-19-1a304997
2020-02-19,fill,MU,-117.16000366210938,2.0,58.58000183105469,buy,session,2020-02-19-1a304997
2020-02-19,fill,NKE,-307.9800109863281,3.0,102.66000366210938,buy,session,2020-02-19-1a304997
2020-02-19,fill,PG,-374.5499954223633,3.0,124.8499984741211,buy,session,2020-02-19-1a304997
2020-02-19,fill,PYPL,-122.62999725341795,1.0,122.62999725341795,buy,session,2020-02-19-1a304997
2020-02-19,fill,RMD,-175.52999877929688,1.0,175.52999877929688,buy,session,2020-02-19-1a304997
2020-02-19,fill,TXN,-132.89999389648438,1.0,132.89999389648438,buy,session,2020-02-19-1a304997
2020-02-19,fill,UNP,-182.97999572753903,1.0,182.97999572753903,buy,session,2020-02-19-1a304997
2020-02-19,fill,ZTS,-143.5,1.0,143.5,buy,session,2020-02-19-1a304997
2020-02-20,purification_post,,-0.1119252655538695,,,ex-date impure dividend,session,
2020-02-20,fill,ACN,215.8800048828125,1.0,215.8800048828125,sell,session,2020-02-20-f1d67dd7
2020-02-20,fill,ADBE,384.0,1.0,384.0,sell,session,2020-02-20-f1d67dd7
2020-02-20,fill,ADI,248.8000030517578,2.0,124.4000015258789,sell,session,2020-02-20-f1d67dd7
2020-02-20,fill,AMAT,268.0,4.0,67.0,sell,session,2020-02-20-f1d67dd7
2020-02-20,fill,COP,118.5,2.0,59.25,sell,session,2020-02-20-f1d67dd7
2020-02-20,fill,CRM,194.0,1.0,194.0,sell,session,2020-02-20-f1d67dd7
2020-02-20,fill,GRMN,207.0,2.0,103.5,sell,session,2020-02-20-f1d67dd7
2020-02-20,fill,INCY,164.0,2.0,82.0,sell,session,2020-02-20-f1d67dd7
2020-02-20,fill,LVS,136.9600067138672,2.0,68.4800033569336,sell,session,2020-02-20-f1d67dd7
2020-02-20,fill,MDT,115.02999877929688,1.0,115.02999877929688,sell,session,2020-02-20-f1d67dd7
2020-02-20,fill,MU,299.4000053405762,5.0,59.880001068115234,sell,session,2020-02-20-f1d67dd7
2020-02-20,fill,PYPL,123.86000061035156,1.0,123.86000061035156,sell,session,2020-02-20-f1d67dd7
2020-02-20,fill,TROW,138.91000366210938,1.0,138.91000366210938,sell,session,2020-02-20-f1d67dd7
2020-02-20,fill,TXN,132.61000061035156,1.0,132.61000061035156,sell,session,2020-02-20-f1d67dd7
2020-02-20,fill,VRTX,247.2899932861328,1.0,247.2899932861328,sell,session,2020-02-20-f1d67dd7
2020-02-20,fill,AMT,-495.9599914550781,2.0,247.97999572753903,buy,session,2020-02-20-f1d67dd7
2020-02-20,fill,CME,-415.9599914550781,2.0,207.97999572753903,buy,session,2020-02-20-f1d67dd7
2020-02-20,fill,CSCO,-322.63000106811523,7.0,46.09000015258789,buy,session,2020-02-20-f1d67dd7
2020-02-20,fill,JNJ,-297.2200012207031,2.0,148.61000061035156,buy,session,2020-02-20-f1d67dd7
2020-02-20,fill,LUV,-114.08000183105467,2.0,57.040000915527344,buy,session,2020-02-20-f1d67dd7
2020-02-20,fill,MCD,-216.1499938964844,1.0,216.1499938964844,buy,session,2020-02-20-f1d67dd7
2020-02-20,fill,META,-649.5600128173828,3.0,216.5200042724609,buy,session,2020-02-20-f1d67dd7
2020-02-20,fill,MSFT,-373.8999938964844,2.0,186.9499969482422,buy,session,2020-02-20-f1d67dd7
2020-02-20,fill,NTAP,-106.4000015258789,2.0,53.20000076293945,buy,session,2020-02-20-f1d67dd7
2020-02-21,fill,ADI,122.91999816894533,1.0,122.91999816894533,sell,session,2020-02-21-593fc54f
2020-02-21,fill,AMCR,102.0999984741211,2.0,51.04999923706055,sell,session,2020-02-21-593fc54f
2020-02-21,fill,CME,208.77999877929688,1.0,208.77999877929688,sell,session,2020-02-21-593fc54f
2020-02-21,fill,CRM,191.83999633789065,1.0,191.83999633789065,sell,session,2020-02-21-593fc54f
2020-02-21,fill,CSCO,514.0299949645996,11.0,46.72999954223633,sell,session,2020-02-21-593fc54f
2020-02-21,fill,ITW,188.759994506836,1.0,188.759994506836,sell,session,2020-02-21-593fc54f
2020-02-21,fill,JKHY,173.74000549316406,1.0,173.74000549316406,sell,session,2020-02-21-593fc54f
2020-02-21,fill,KDP,146.64999961853027,5.0,29.32999992370605,sell,session,2020-02-21-593fc54f
2020-02-21,fill,MA,342.54998779296875,1.0,342.54998779296875,sell,session,2020-02-21-593fc54f
2020-02-21,fill,MDT,113.58999633789062,1.0,113.58999633789062,sell,session,2020-02-21-593fc54f
2020-02-21,fill,NEM,342.7199935913086,7.0,48.959999084472656,sell,session,2020-02-21-593fc54f
2020-02-21,fill,NKE,102.0,1.0,102.0,sell,session,2020-02-21-593fc54f
2020-02-21,fill,PG,630.6499862670898,5.0,126.12999725341795,sell,session,2020-02-21-593fc54f
2020-02-21,fill,ROK,203.47000122070312,1.0,203.47000122070312,sell,session,2020-02-21-593fc54f
2020-02-21,fill,VEEV,164.19000244140625,1.0,164.19000244140625,sell,session,2020-02-21-593fc54f
2020-02-21,fill,VTR,187.3500022888184,3.0,62.45000076293945,sell,session,2020-02-21-593fc54f
2020-02-21,fill,ACN,-212.58999633789065,1.0,212.58999633789065,buy,session,2020-02-21-593fc54f
2020-02-21,fill,ADBE,-378.0199890136719,1.0,378.0199890136719,buy,session,2020-02-21-593fc54f
2020-02-21,fill,AMAT,-131.82000732421875,2.0,65.91000366210938,buy,session,2020-02-21-593fc54f
2020-02-21,fill,CDNS,-151.9199981689453,2.0,75.95999908447266,buy,session,2020-02-21-593fc54f
2020-02-21,fill,CPRT,-121.31250381469728,5.0,24.262500762939453,buy,session,2020-02-21-593fc54f
2020-02-21,fill,LVS,-200.40000915527344,3.0,66.80000305175781,buy,session,2020-02-21-593fc54f
2020-02-21,fill,MCO,-276.8299865722656,1.0,276.8299865722656,buy,session,2020-02-21-593fc54f
2020-02-21,fill,META,-640.4399871826172,3.0,213.47999572753903,buy,session,2020-02-21-593fc54f
2020-02-21,fill,MSFT,-1282.1899871826172,7.0,183.1699981689453,buy,session,2020-02-21-593fc54f
2020-02-21,fill,MU,-117.26000213623048,2.0,58.630001068115234,buy,session,2020-02-21-593fc54f
2020-02-21,fill,PGR,-241.8600082397461,3.0,80.62000274658203,buy,session,2020-02-21-593fc54f
2020-02-24,purification_post,,-3.0046129917287443,,,ex-date impure dividend,session,
2020-02-24,fill,ABBV,460.84999084472656,5.0,92.16999816894533,sell,session,2020-02-24-9b1e7d54
2020-02-24,fill,ACN,204.47000122070312,1.0,204.47000122070312,sell,session,2020-02-24-9b1e7d54
2020-02-24,fill,AMGN,439.760009765625,2.0,219.8800048828125,sell,session,2020-02-24-9b1e7d54
2020-02-24,fill,AMT,244.82000732421875,1.0,244.82000732421875,sell,session,2020-02-24-9b1e7d54
2020-02-24,fill,APD,249.759994506836,1.0,249.759994506836,sell,session,2020-02-24-9b1e7d54
2020-02-24,fill,CBOE,120.68000030517578,1.0,120.68000030517578,sell,session,2020-02-24-9b1e7d54
2020-02-24,fill,CME,207.27999877929688,1.0,207.27999877929688,sell,session,2020-02-24-9b1e7d54
2020-02-24,fill,GILD,665.0099945068359,9.0,73.88999938964844,sell,session,2020-02-24-9b1e7d54
2020-02-24,fill,ITW,183.7899932861328,1.0,183.7899932861328,sell,session,2020-02-24-9b1e7d54
2020-02-24,fill,JNJ,1318.5,9.0,146.5,sell,session,2020-02-24-9b1e7d54
2020-02-24,fill,KDP,116.8000030517578,4.0,29.200000762939453,sell,session,2020-02-24-9b1e7d54
2020-02-24,fill,MCD,421.1600036621094,2.0,210.5800018310547,sell,session,2020-02-24-9b1e7d54
2020-02-24,fill,MDT,111.9000015258789,1.0,111.9000015258789,sell,session,2020-02-24-9b1e7d54
2020-02-24,fill,NEM,255.75000762939453,5.0,51.150001525878906,sell,session,2020-02-24-9b1e7d54
2020-02-24,fill,PG,626.3000106811523,5.0,125.26000213623048,sell,session,2020-02-24-9b1e7d54
2020-02-24,fill,UNP,176.19000244140625,1.0,176.19000244140625,sell,session,2020-02-24-9b1e7d54
2020-02-24,fill,VMRK,259.1100082397461,3.0,86.37000274658203,sell,session,2020-02-24-9b1e7d54
2020-02-24,fill,ZTS,139.27999877929688,1.0,139.27999877929688,sell,session,2020-02-24-9b1e7d54
2020-02-24,fill,ADI,-119.33999633789062,1.0,119.33999633789062,buy,session,2020-02-24-9b1e7d54
2020-02-24,fill,ADSK,-195.5599975585937,1.0,195.5599975585937,buy,session,2020-02-24-9b1e7d54
2020-02-24,fill,AMAT,-122.26000213623048,2.0,61.130001068115234,buy,session,2020-02-24-9b1e7d54
2020-02-24,fill,CRM,-178.7899932861328,1.0,178.7899932861328,buy,session,2020-02-24-9b1e7d54
2020-02-24,fill,GRMN,-188.94000244140625,2.0,94.47000122070312,buy,session,2020-02-24-9b1e7d54
2020-02-24,fill,HAS,-262.70999908447266,3.0,87.56999969482422,buy,session,2020-02-24-9b1e7d54
2020-02-24,fill,JKHY,-165.52000427246094,1.0,165.52000427246094,buy,session,2020-02-24-9b1e7d54
2020-02-24,fill,LVS,-124.87999725341795,2.0,62.43999862670898,buy,session,2020-02-24-9b1e7d54
2020-02-24,fill,META,-807.2000122070312,4.0,201.8000030517578,buy,session,2020-02-24-9b1e7d54
2020-02-24,fill,MSFT,-1845.4700469970703,11.0,167.77000427246094,buy,session,2020-02-24-9b1e7d54
2020-02-24,fill,MU,-213.2400054931641,4.0,53.310001373291016,buy,session,2020-02-24-9b1e7d54
2020-02-24,fill,NKE,-191.0800018310547,2.0,95.54000091552734,buy,session,2020-02-24-9b1e7d54
2020-02-24,fill,PYPL,-342.87000274658203,3.0,114.29000091552734,buy,session,2020-02-24-9b1e7d54
2020-02-24,fill,SBUX,-169.05999755859375,2.0,84.52999877929688,buy,session,2020-02-24-9b1e7d54
2020-02-24,fill,SPGI,-538.9025268554688,2.0,269.4512634277344,buy,session,2020-02-24-9b1e7d54
2020-02-24,fill,TROW,-132.36000061035156,1.0,132.36000061035156,buy,session,2020-02-24-9b1e7d54
2020-02-24,fill,TXN,-372.0300064086914,3.0,124.01000213623048,buy,session,2020-02-24-9b1e7d54
2020-02-24,fill,VEEV,-151.4499969482422,1.0,151.4499969482422,buy,session,2020-02-24-9b1e7d54
2020-02-25,fill,ABBV,186.63999938964844,2.0,93.31999969482422,sell,session,2020-02-25-5f85959a
2020-02-25,fill,AMT,495.8399963378906,2.0,247.9199981689453,sell,session,2020-02-25-5f85959a
2020-02-25,fill,CLX,167.66000366210938,1.0,167.66000366210938,sell,session,2020-02-25-5f85959a
2020-02-25,fill,CME,419.3200073242188,2.0,209.6600036621093,sell,session,2020-02-25-5f85959a
2020-02-25,fill,CRM,188.47000122070312,1.0,188.47000122070312,sell,session,2020-02-25-5f85959a
2020-02-25,fill,DRI,118.44000244140624,1.0,118.44000244140624,sell,session,2020-02-25-5f85959a
2020-02-25,fill,GILD,1032.2200469970703,14.0,73.7300033569336,sell,session,2020-02-25-5f85959a
2020-02-25,fill,GPN,201.1300048828125,1.0,201.1300048828125,sell,session,2020-02-25-5f85959a
2020-02-25,fill,ICE,188.0599975585937,2.0,94.02999877929688,sell,session,2020-02-25-5f85959a
2020-02-25,fill,JKHY,168.72000122070312,1.0,168.72000122070312,sell,session,2020-02-25-5f85959a
2020-02-25,fill,JNJ,291.9800109863281,2.0,145.99000549316406,sell,session,2020-02-25-5f85959a
2020-02-25,fill,KDP,116.87999725341795,4.0,29.21999931335449,sell,session,2020-02-25-5f85959a
2020-02-25,fill,MCD,643.7400054931641,3.0,214.5800018310547,sell,session,2020-02-25-5f85959a
2020-02-25,fill,MDT,334.7999954223633,3.0,111.5999984741211,sell,session,2020-02-25-5f85959a
2020-02-25,fill,NEM,247.5,5.0,49.5,sell,session,2020-02-25-5f85959a
2020-02-25,fill,PG,246.0399932861328,2.0,123.0199966430664,sell,session,2020-02-25-5f85959a
2020-02-25,fill,PGR,242.7900009155273,3.0,80.93000030517578,sell,session,2020-02-25-5f85959a
2020-02-25,fill,PYPL,115.66999816894533,1.0,115.66999816894533,sell,session,2020-02-25-5f85959a
2020-02-25,fill,REGN,437.25,1.0,437.25,sell,session,2020-02-25-5f85959a
2020-02-25,fill,RMD,170.25,1.0,170.25,sell,session,2020-02-25-5f85959a
2020-02-25,fill,SPGI,275.54400634765625,1.0,275.54400634765625,sell,session,2020-02-25-5f85959a
2020-02-25,fill,VRSK,168.08999633789062,1.0,168.08999633789062,sell,session,2020-02-25-5f85959a
2020-02-25,fill,VTR,189.12000274658203,3.0,63.040000915527344,sell,session,2020-02-25-5f85959a
2020-02-25,fill,ACN,-204.77999877929688,1.0,204.77999877929688,buy,session,2020-02-25-5f85959a
2020-02-25,fill,ADBE,-361.0,1.0,361.0,buy,session,2020-02-25-5f85959a
2020-02-25,fill,ALGN,-241.4499969482422,1.0,241.4499969482422,buy,session,2020-02-25-5f85959a
2020-02-25,fill,AMAT,-185.759994506836,3.0,61.91999816894531,buy,session,2020-02-25-5f85959a
2020-02-25,fill,APD,-245.5399932861328,1.0,245.5399932861328,buy,session,2020-02-25-5f85959a
2020-02-25,fill,CSCO,-572.6499900817871,13.0,44.04999923706055,buy,session,2020-02-25-5f85959a
2020-02-25,fill,EL,-199.5599975585937,1.0,199.5599975585937,buy,session,2020-02-25-5f85959a
2020-02-25,fill,EXPE,-113.79000091552734,1.0,113.79000091552734,buy,session,2020-02-25-5f85959a
2020-02-25,fill,INTU,-297.54998779296875,1.0,297.54998779296875,buy,session,2020-02-25-5f85959a
2020-02-25,fill,ITW,-184.0200042724609,1.0,184.0200042724609,buy,session,2020-02-25-5f85959a
2020-02-25,fill,LVS,-126.08000183105467,2.0,63.040000915527344,buy,session,2020-02-25-5f85959a
2020-02-25,fill,MA,-642.6799926757812,2.0,321.3399963378906,buy,session,2020-02-25-5f85959a
2020-02-25,fill,META,-1415.75,7.0,202.25,buy,session,2020-02-25-5f85959a
2020-02-25,fill,MSFT,-1393.5999755859375,8.0,174.1999969482422,buy,session,2020-02-25-5f85959a
2020-02-25,fill,NKE,-289.0499954223633,3.0,96.3499984741211,buy,session,2020-02-25-5f85959a
2020-02-25,fill,ORCL,-212.27999877929688,4.0,53.06999969482422,buy,session,2020-02-25-5f85959a
2020-02-26,fill,AMT,492.2799987792969,2.0,246.13999938964844,sell,session,2020-02-26-39837e5d
2020-02-26,fill,CLX,167.91000366210938,1.0,167.91000366210938,sell,session,2020-02-26-39837e5d
2020-02-26,fill,CME,212.9600067138672,1.0,212.9600067138672,sell,session,2020-02-26-39837e5d
2020-02-26,fill,CRM,176.5399932861328,1.0,176.5399932861328,sell,session,2020-02-26-39837e5d
2020-02-26,fill,EXPD,145.36000061035156,2.0,72.68000030517578,sell,session,2020-02-26-39837e5d
2020-02-26,fill,INTU,286.2799987792969,1.0,286.2799987792969,sell,session,2020-02-26-39837e5d
2020-02-26,fill,JNJ,1017.4500427246094,7.0,145.35000610351562,sell,session,2020-02-26-39837e5d
2020-02-26,fill,KDP,116.23999786376952,4.0,29.059999465942383,sell,session,2020-02-26-39837e5d
2020-02-26,fill,MCD,425.7799987792969,2.0,212.88999938964844,sell,session,2020-02-26-39837e5d
2020-02-26,fill,MDT,109.43000030517578,1.0,109.43000030517578,sell,session,2020-02-26-39837e5d
2020-02-26,fill,META,591.5700073242188,3.0,197.19000244140625,sell,session,2020-02-26-39837e5d
2020-02-26,fill,MSFT,1018.2600402832032,6.0,169.7100067138672,sell,session,2020-02-26-39837e5d
2020-02-26,fill,PG,485.6799926757813,4.0,121.41999816894533,sell,session,2020-02-26-39837e5d
2020-02-26,fill,PGR,160.82000732421875,2.0,80.41000366210938,sell,session,2020-02-26-39837e5d
2020-02-26,fill,REGN,444.0199890136719,1.0,444.0199890136719,sell,session,2020-02-26-39837e5d
2020-02-26,fill,STE,165.80999755859375,1.0,165.80999755859375,sell,session,2020-02-26-39837e5d
2020-02-26,fill,ABBV,-265.8600082397461,3.0,88.62000274658203,buy,session,2020-02-26-39837e5d
2020-02-26,fill,ACN,-198.6699981689453,1.0,198.6699981689453,buy,session,2020-02-26-39837e5d
2020-02-26,fill,ADSK,-188.58999633789065,1.0,188.58999633789065,buy,session,2020-02-26-39837e5d
2020-02-26,fill,CDNS,-138.1999969482422,2.0,69.0999984741211,buy,session,2020-02-26-39837e5d
2020-02-26,fill,COP,-216.0800018310547,4.0,54.02000045776367,buy,session,2020-02-26-39837e5d
2020-02-26,fill,DRI,-111.9000015258789,1.0,111.9000015258789,buy,session,2020-02-26-39837e5d
2020-02-26,fill,EL,-194.0,1.0,194.0,buy,session,2020-02-26-39837e5d
2020-02-26,fill,GILD,-142.63999938964844,2.0,71.31999969482422,buy,session,2020-02-26-39837e5d
2020-02-26,fill,GPN,-190.9100036621093,1.0,190.9100036621093,buy,session,2020-02-26-39837e5d
2020-02-26,fill,LUV,-250.45000076293945,5.0,50.09000015258789,buy,session,2020-02-26-39837e5d
2020-02-26,fill,MA,-2114.0,7.0,302.0,buy,session,2020-02-26-39837e5d
2020-02-26,fill,MU,-263.25000762939453,5.0,52.650001525878906,buy,session,2020-02-26-39837e5d
2020-02-26,fill,NKE,-186.1600036621093,2.0,93.08000183105467,buy,session,2020-02-26-39837e5d
2020-02-26,fill,ORCL,-153.93000411987305,3.0,51.310001373291016,buy,session,2020-02-26-39837e5d
2020-02-26,fill,PH,-196.42999267578125,1.0,196.42999267578125,buy,session,2020-02-26-39837e5d
2020-02-26,fill,PYPL,-658.8599853515625,6.0,109.80999755859376,buy,session,2020-02-26-39837e5d
2020-02-26,fill,SWKS,-106.97000122070312,1.0,106.97000122070312,buy,session,2020-02-26-39837e5d
2020-02-26,fill,TXN,-357.87000274658203,3.0,119.29000091552734,buy,session,2020-02-26-39837e5d
2020-02-26,fill,VTR,-118.22000122070312,2.0,59.11000061035156,buy,session,2020-02-26-39837e5d
2020-02-27,purification_post,,-0.1965182937799493,,,ex-date impure dividend,session,
2020-02-27,fill,ADBE,340.0,1.0,340.0,sell,session,2020-02-27-90e44049
2020-02-27,fill,ADSK,184.2400054931641,1.0,184.2400054931641,sell,session,2020-02-27-90e44049
2020-02-27,fill,AMCR,194.3999938964844,4.0,48.59999847412109,sell,session,2020-02-27-90e44049
2020-02-27,fill,AMGN,429.8399963378906,2.0,214.9199981689453,sell,session,2020-02-27-90e44049
2020-02-27,fill,BIIB,324.7200012207031,1.0,324.7200012207031,sell,session,2020-02-27-90e44049
2020-02-27,fill,CBOE,120.3499984741211,1.0,120.3499984741211,sell,session,2020-02-27-90e44049
2020-02-27,fill,CME,661.1999816894531,3.0,220.3999938964844,sell,session,2020-02-27-90e44049
2020-02-27,fill,GILD,783.0999755859375,10.0,78.30999755859375,sell,session,2020-02-27-90e44049
2020-02-27,fill,ICE,279.24000549316406,3.0,93.08000183105467,sell,session,2020-02-27-90e44049
2020-02-27,fill,MCO,256.8399963378906,1.0,256.8399963378906,sell,session,2020-02-27-90e44049
2020-02-27,fill,META,383.6400146484375,2.0,191.82000732421875,sell,session,2020-02-27-90e44049
2020-02-27,fill,MSFT,1306.56005859375,8.0,163.32000732421875,sell,session,2020-02-27-90e44049
2020-02-27,fill,ORCL,559.6800117492676,11.0,50.880001068115234,sell,session,2020-02-27-90e44049
2020-02-27,fill,REGN,468.55999755859375,1.0,468.55999755859375,sell,session,2020-02-27-90e44049
2020-02-27,fill,TXN,116.3499984741211,1.0,116.3499984741211,sell,session,2020-02-27-90e44049
2020-02-27,fill,ZTS,134.4600067138672,1.0,134.4600067138672,sell,session,2020-02-27-90e44049
2020-02-27,fill,AMT,-239.9900054931641,1.0,239.9900054931641,buy,session,2020-02-27-90e44049
2020-02-27,fill,COP,-446.3999862670898,9.0,49.59999847412109,buy,session,2020-02-27-90e44049
2020-02-27,fill,CRM,-344.4200134277344,2.0,172.2100067138672,buy,session,2020-02-27-90e44049
2020-02-27,fill,CSCO,-412.7999877929688,10.0,41.27999877929688,buy,session,2020-02-27-90e44049
2020-02-27,fill,DRI,-104.25,1.0,104.25,buy,session,2020-02-27-90e44049
2020-02-27,fill,EXPE,-197.13999938964844,2.0,98.56999969482422,buy,session,2020-02-27-90e44049
2020-02-27,fill,GPN,-185.3800048828125,1.0,185.3800048828125,buy,session,2020-02-27-90e44049
2020-02-27,fill,IVZ,-105.4200029373169,7.0,15.0600004196167,buy,session,2020-02-27-90e44049
2020-02-27,fill,JKHY,-157.72999572753906,1.0,157.72999572753906,buy,session,2020-02-27-90e44049
2020-02-27,fill,JNJ,-285.1199951171875,2.0,142.55999755859375,buy,session,2020-02-27-90e44049
2020-02-27,fill,LVS,-173.16000366210938,3.0,57.720001220703125,buy,session,2020-02-27-90e44049
2020-02-27,fill,MA,-570.0599975585938,2.0,285.0299987792969,buy,session,2020-02-27-90e44049
2020-02-27,fill,MCD,-207.6999969482422,1.0,207.6999969482422,buy,session,2020-02-27-90e44049
2020-02-27,fill,MDT,-524.1999816894531,5.0,104.83999633789062,buy,session,2020-02-27-90e44049
2020-02-27,fill,NKE,-180.0,2.0,90.0,buy,session,2020-02-27-90e44049
2020-02-27,fill,NSC,-185.83999633789065,1.0,185.83999633789065,buy,session,2020-02-27-90e44049
2020-02-27,fill,PG,-357.3600082397461,3.0,119.12000274658205,buy,session,2020-02-27-90e44049
2020-02-27,fill,PYPL,-106.3000030517578,1.0,106.3000030517578,buy,session,2020-02-27-90e44049
2020-02-27,fill,SBUX,-315.32000732421875,4.0,78.83000183105469,buy,session,2020-02-27-90e44049
2020-02-27,fill,UNP,-641.8400268554688,4.0,160.4600067138672,buy,session,2020-02-27-90e44049
2020-02-27,cash_throttle,SPY,,,,SPY at or below 200-day SMA — cash,session,
2020-02-28,fill,ABBV,16475.21018218994,199.0,82.79000091552734,sell,session,
2020-02-28,fill,ACN,18025.9994506836,100.0,180.259994506836,sell,session,
2020-02-28,fill,ADBE,23033.82095336914,71.0,324.4200134277344,sell,session,
2020-02-28,fill,ADI,5405.919952392578,52.0,103.95999908447266,sell,session,
2020-02-28,fill,ADSK,6003.3802490234375,34.0,176.57000732421875,sell,session,
2020-02-28,fill,ALGN,2799.290023803711,13.0,215.3300018310547,sell,session,
2020-02-28,fill,AMAT,7153.079818725586,132.0,54.18999862670898,sell,session,
2020-02-28,fill,AMCR,8760.149711608887,189.0,46.34999847412109,sell,session,
2020-02-28,fill,AMGN,17428.400268554688,88.0,198.0500030517578,sell,session,
2020-02-28,fill,AMT,14055.399810791016,62.0,226.6999969482422,sell,session,
2020-02-28,fill,APD,7173.869979858398,33.0,217.38999938964844,sell,session,
2020-02-28,fill,AZO,3932.360107421875,4.0,983.0900268554688,sell,session,
2020-02-28,fill,BIIB,6605.060241699219,22.0,300.2300109863281,sell,session,
2020-02-28,fill,BR,1909.0799560546875,18.0,106.05999755859376,sell,session,
2020-02-28,fill,CBOE,1963.8399658203125,16.0,122.73999786376952,sell,session,
2020-02-28,fill,CDNS,2794.439926147461,44.0,63.5099983215332,sell,session,
2020-02-28,fill,CLX,2929.6100311279297,17.0,172.3300018310547,sell,session,
2020-02-28,fill,CME,10720.320190429688,52.0,206.1600036621093,sell,session,
2020-02-28,fill,COP,8538.959655761719,188.0,45.41999816894531,sell,session,
2020-02-28,fill,CPAY,3577.7000427246094,14.0,255.5500030517578,sell,session,
2020-02-28,fill,CPRT,773.1099739074707,38.0,20.34499931335449,sell,session,
2020-02-28,fill,CRM,21778.680725097656,132.0,164.99000549316406,sell,session,
2020-02-28,fill,CSCO,26432.100521087646,683.0,38.70000076293945,sell,session,
2020-02-28,fill,DRI,1930.399932861328,20.0,96.5199966430664,sell,session,
2020-02-28,fill,EL,9899.120239257812,56.0,176.77000427246094,sell,session,
2020-02-28,fill,EQT,195.7000036239624,38.0,5.150000095367432,sell,session,
2020-02-28,fill,EXPD,1691.2500381469729,25.0,67.6500015258789,sell,session,
2020-02-28,fill,EXPE,2299.9200439453125,24.0,95.83000183105467,sell,session,
2020-02-28,fill,FDS,1621.6799926757812,6.0,270.2799987792969,sell,session,
2020-02-28,fill,FFIV,1084.6799697875977,9.0,120.5199966430664,sell,session,
2020-02-28,fill,FICO,1431.4000244140625,4.0,357.8500061035156,sell,session,
2020-02-28,fill,GEN,2483.999948501587,135.0,18.39999961853028,sell,session,
2020-02-28,fill,GILD,11086.85971069336,158.0,70.16999816894531,sell,session,
2020-02-28,fill,GL,1664.4600219726562,18.0,92.47000122070312,sell,session,
2020-02-28,fill,GPN,8130.5,46.0,176.75,sell,session,
2020-02-28,fill,GRMN,2631.900100708008,30.0,87.7300033569336,sell,session,
2020-02-28,fill,HAS,1771.0,23.0,77.0,sell,session,
2020-02-28,fill,ICE,7887.420318603516,87.0,90.66000366210938,sell,session,
2020-02-28,fill,ILMN,5677.062316894531,23.0,246.82879638671875,sell,session,
2020-02-28,fill,INCY,2210.7000732421875,30.0,73.69000244140625,sell,session,
2020-02-28,fill,INTU,9865.559814453123,38.0,259.6199951171875,sell,session,
2020-02-28,fill,ISRG,2991.490020751953,17.0,175.97000122070312,sell,session,
2020-02-28,fill,ITW,7700.950286865234,47.0,163.85000610351562,sell,session,
2020-02-28,fill,IVZ,915.1999950408936,65.0,14.079999923706056,sell,session,
2020-02-28,fill,JKHY,1669.4700469970703,11.0,151.77000427246094,sell,session,
2020-02-28,fill,JNJ,55226.88024902344,408.0,135.36000061035156,sell,session,
2020-02-28,fill,KDP,5707.200031280518,205.0,27.84000015258789,sell,session,
2020-02-28,fill,KEYS,2595.5,29.0,89.5,sell,session,
2020-02-28,fill,LITE,783.8600234985352,11.0,71.26000213623047,sell,session,
2020-02-28,fill,LUV,3921.089973449707,87.0,45.06999969482422,sell,session,
2020-02-28,fill,LVS,7102.499961853027,125.0,56.81999969482422,sell,session,
2020-02-28,fill,MA,43707.51232910156,159.0,274.8900146484375,sell,session,
2020-02-28,fill,MCD,22148.0,113.0,196.0,sell,session,
2020-02-28,fill,MCO,6389.820098876953,27.0,236.6600036621093,sell,session,
2020-02-28,fill,MDT,21278.55026245117,215.0,98.97000122070312,sell,session,
2020-02-28,fill,META,79291.79867553711,434.0,182.6999969482422,sell,session,
2020-02-28,fill,MSCI,3435.599853515625,12.0,286.29998779296875,sell,session,
2020-02-28,fill,MSFT,87940.57211303711,577.0,152.41000366210938,sell,session,
2020-02-28,fill,MU,8124.550254821777,167.0,48.650001525878906,sell,session,
2020-02-28,fill,NEM,4893.279846191406,112.0,43.68999862670898,sell,session,
2020-02-28,fill,NKE,21507.49969482422,250.0,86.02999877929688,sell,session,
2020-02-28,fill,NOW,1736.0,28.0,62.0,sell,session,
2020-02-28,fill,NSC,7526.820281982422,42.0,179.2100067138672,sell,session,
2020-02-28,fill,NTAP,1665.0,37.0,45.0,sell,session,
2020-02-28,fill,NWSA,1081.9400215148926,94.0,11.510000228881836,sell,session,
2020-02-28,fill,ORCL,23487.480800628666,477.0,49.2400016784668,sell,session,
2020-02-28,fill,PAYX,4142.339950561523,54.0,76.70999908447266,sell,session,
2020-02-28,fill,PG,41813.71965026856,382.0,109.45999908447266,sell,session,
2020-02-28,fill,PGR,6514.559761047363,87.0,74.87999725341797,sell,session,
2020-02-28,fill,PH,3582.39990234375,20.0,179.1199951171875,sell,session,
2020-02-28,fill,PYPL,18871.060386657715,181.0,104.26000213623048,sell,session,
2020-02-28,fill,REGN,5068.43994140625,12.0,422.3699951171875,sell,session,
2020-02-28,fill,RMD,3177.0001220703125,20.0,158.85000610351562,sell,session,
2020-02-28,fill,ROK,3052.8600311279297,17.0,179.5800018310547,sell,session,
2020-02-28,fill,ROP,5544.7998046875,16.0,346.54998779296875,sell,session,
2020-02-28,fill,SBUX,14091.449661254885,185.0,76.16999816894531,sell,session,
2020-02-28,fill,SPGI,9355.118041992188,38.0,246.18731689453125,sell,session,
2020-02-28,fill,STE,1760.8800201416016,11.0,160.0800018310547,sell,session,
2020-02-28,fill,STLD,933.120002746582,36.0,25.920000076293945,sell,session,
2020-02-28,fill,SWKS,2482.9199752807617,27.0,91.95999908447266,sell,session,
2020-02-28,fill,TECH,283.4850082397461,6.0,47.247501373291016,sell,session,
2020-02-28,fill,TPR,933.2399711608888,42.0,22.21999931335449,sell,session,
2020-02-28,fill,TRMB,1397.519989013672,36.0,38.81999969482422,sell,session,
2020-02-28,fill,TROW,4289.410011291504,37.0,115.93000030517578,sell,session,
2020-02-28,fill,TXN,15541.89956665039,142.0,109.4499969482422,sell,session,
2020-02-28,fill,UNP,17206.10939025879,111.0,155.00999450683594,sell,session,
2020-02-28,fill,VEEV,3212.409957885742,23.0,139.6699981689453,sell,session,
2020-02-28,fill,VMRK,4243.800201416016,55.0,77.16000366210938,sell,session,
2020-02-28,fill,VRSK,3659.280029296875,24.0,152.47000122070312,sell,session,
2020-02-28,fill,VRSN,3331.800109863281,18.0,185.1000061035156,sell,session,
2020-02-28,fill,VRTX,7976.090270996094,37.0,215.57000732421875,sell,session,
2020-02-28,fill,VTR,2951.639991760254,54.0,54.65999984741211,sell,session,
2020-02-28,fill,ZTS,8997.599578857422,69.0,130.39999389648438,sell,session,
2020-03-02,cash_throttle,SPY,,,,SPY above 200-day SMA,session,
2020-03-03,purification_post,,-0.2165657761261148,,,ex-date impure dividend,session,
2020-03-03,fill,A,-3439.3799743652344,42.0,81.88999938964844,buy,session,2020-03-03-372ab866
2020-03-03,fill,ACN,-16509.9903717041,87.0,189.7700042724609,buy,session,2020-03-03-372ab866
2020-03-03,fill,ADBE,-23514.400634765625,65.0,361.760009765625,buy,session,2020-03-03-372ab866
2020-03-03,fill,ADI,-5616.629859924316,51.0,110.12999725341795,buy,session,2020-03-03-372ab866
2020-03-03,fill,ADSK,-5823.350189208984,31.0,187.8500061035156,buy,session,2020-03-03-372ab866
2020-03-03,fill,ALGN,-2523.8400268554688,11.0,229.44000244140625,buy,session,2020-03-03-372ab866
2020-03-03,fill,AMAT,-7496.250152587891,125.0,59.970001220703125,buy,session,2020-03-03-372ab866
2020-03-03,fill,AMCR,-7624.050121307373,159.0,47.95000076293945,buy,session,2020-03-03-372ab866
2020-03-03,fill,AME,-2790.3100662231445,31.0,90.01000213623047,buy,session,2020-03-03-372ab866
2020-03-03,fill,AMGN,-16616.85971069336,79.0,210.33999633789065,buy,session,2020-03-03-372ab866
2020-03-03,fill,AMT,-14204.25,59.0,240.75,buy,session,2020-03-03-372ab866
2020-03-03,fill,APD,-6932.699890136719,30.0,231.08999633789065,buy,session,2020-03-03-372ab866
2020-03-03,fill,AZO,-3011.969970703125,3.0,1003.989990234375,buy,session,2020-03-03-372ab866
2020-03-03,fill,BIIB,-7366.439971923828,23.0,320.2799987792969,buy,session,2020-03-03-372ab866
2020-03-03,fill,BR,-1704.1600341796875,16.0,106.51000213623048,buy,session,2020-03-03-372ab866
2020-03-03,fill,CBOE,-1769.849967956543,15.0,117.98999786376952,buy,session,2020-03-03-372ab866
2020-03-03,fill,CDNS,-2579.060104370117,38.0,67.87000274658203,buy,session,2020-03-03-372ab866
2020-03-03,fill,CLX,-2769.280029296875,16.0,173.0800018310547,buy,session,2020-03-03-372ab866
2020-03-03,fill,CME,-10050.719970703123,48.0,209.38999938964844,buy,session,2020-03-03-372ab866
2020-03-03,fill,CPAY,-3373.2000732421875,12.0,281.1000061035156,buy,session,2020-03-03-372ab866
2020-03-03,fill,CPRT,-686.0,32.0,21.4375,buy,session,2020-03-03-372ab866
2020-03-03,fill,CRM,-21409.200439453125,120.0,178.41000366210938,buy,session,2020-03-03-372ab866
2020-03-03,fill,CSCO,-24013.319023132324,582.0,41.2599983215332,buy,session,2020-03-03-372ab866
2020-03-03,fill,DRI,-1673.9900207519531,17.0,98.47000122070312,buy,session,2020-03-03-372ab866
2020-03-03,fill,EL,-9631.500244140623,50.0,192.6300048828125,buy,session,2020-03-03-372ab866
2020-03-03,fill,EXPD,-1643.3499298095703,23.0,71.44999694824219,buy,session,2020-03-03-372ab866
2020-03-03,fill,EXPE,-2122.3400268554688,22.0,96.47000122070312,buy,session,2020-03-03-372ab866
2020-03-03,fill,FDS,-1411.4999389648438,5.0,282.29998779296875,buy,session,2020-03-03-372ab866
2020-03-03,fill,FFIV,-1076.3999862670898,9.0,119.5999984741211,buy,session,2020-03-03-372ab866
2020-03-03,fill,FICO,-1553.52001953125,4.0,388.3800048828125,buy,session,2020-03-03-372ab866
2020-03-03,fill,GILD,-12254.549446105955,165.0,74.2699966430664,buy,session,2020-03-03-372ab866
2020-03-03,fill,GL,-1530.8800048828125,16.0,95.68000030517578,buy,session,2020-03-03-372ab866
2020-03-03,fill,GPN,-7888.399749755859,41.0,192.3999938964844,buy,session,2020-03-03-372ab866
2020-03-03,fill,GRMN,-2340.250015258789,25.0,93.61000061035156,buy,session,2020-03-03-372ab866
2020-03-03,fill,HD,-33584.379821777344,146.0,230.02999877929688,buy,session,2020-03-03-372ab866
2020-03-03,fill,ICE,-7021.500205993652,75.0,93.62000274658205,buy,session,2020-03-03-372ab866
2020-03-03,fill,ILMN,-5396.88720703125,20.0,269.8443603515625,buy,session,2020-03-03-372ab866
2020-03-03,fill,INCY,-2277.950088500977,29.0,78.55000305175781,buy,session,2020-03-03-372ab866
2020-03-03,fill,INTU,-9833.599700927734,35.0,280.9599914550781,buy,session,2020-03-03-372ab866
2020-03-03,fill,ISRG,-2969.17333984375,16.0,185.5733337402344,buy,session,2020-03-03-372ab866
2020-03-03,fill,ITW,-7610.6800537109375,44.0,172.97000122070312,buy,session,2020-03-03-372ab866
2020-03-03,fill,IVZ,-807.9499769210815,55.0,14.6899995803833,buy,session,2020-03-03-372ab866
2020-03-03,fill,JKHY,-1586.999969482422,10.0,158.6999969482422,buy,session,2020-03-03-372ab866
2020-03-03,fill,JNJ,-50960.0,364.0,140.0,buy,session,2020-03-03-372ab866
2020-03-03,fill,KDP,-5595.480045318604,198.0,28.26000022888184,buy,session,2020-03-03-372ab866
2020-03-03,fill,KEYS,-2522.0,26.0,97.0,buy,session,2020-03-03-372ab866
2020-03-03,fill,LITE,-824.7000122070312,10.0,82.47000122070312,buy,session,2020-03-03-372ab866
2020-03-03,fill,LUV,-3565.500068664551,75.0,47.540000915527344,buy,session,2020-03-03-372ab866
2020-03-03,fill,LVS,-6328.799835205078,108.0,58.59999847412109,buy,session,2020-03-03-372ab866
2020-03-03,fill,MA,-43098.829498291016,137.0,314.5899963378906,buy,session,2020-03-03-372ab866
2020-03-03,fill,MCD,-21008.0,104.0,202.0,buy,session,2020-03-03-372ab866
2020-03-03,fill,MCO,-6455.750274658203,25.0,258.2300109863281,buy,session,2020-03-03-372ab866
2020-03-03,fill,MDT,-19193.34045410156,186.0,103.19000244140624,buy,session,2020-03-03-372ab866
2020-03-03,fill,META,-78095.56048583984,398.0,196.22000122070312,buy,session,2020-03-03-372ab866
2020-03-03,fill,MO,-10624.319961547852,252.0,42.15999984741211,buy,session,2020-03-03-372ab866
2020-03-03,fill,MSCI,-3478.9698791503906,11.0,316.2699890136719,buy,session,2020-03-03-372ab866
2020-03-03,fill,MSFT,-91592.60160827637,527.0,173.8000030517578,buy,session,2020-03-03-372ab866
2020-03-03,fill,MU,-8244.599769592285,151.0,54.59999847412109,buy,session,2020-03-03-372ab866
2020-03-03,fill,NEM,-5128.4499168396,109.0,47.04999923706055,buy,session,2020-03-03-372ab866
2020-03-03,fill,NKE,-20495.539527893063,221.0,92.73999786376952,buy,session,2020-03-03-372ab866
2020-03-03,fill,NSC,-6563.520263671875,36.0,182.32000732421875,buy,session,2020-03-03-372ab866
2020-03-03,fill,NTAP,-1457.3099479675293,31.0,47.0099983215332,buy,session,2020-03-03-372ab866
2020-03-03,fill,NWSA,-1024.220012664795,83.0,12.34000015258789,buy,session,2020-03-03-372ab866
2020-03-03,fill,NXPI,-4537.580139160156,38.0,119.41000366210938,buy,session,2020-03-03-372ab866
2020-03-03,fill,ORCL,-22323.41952896118,441.0,50.619998931884766,buy,session,2020-03-03-372ab866
2020-03-03,fill,PAYX,-3900.959838867188,48.0,81.2699966430664,buy,session,2020-03-03-372ab866
2020-03-03,fill,PG,-40109.551124572754,335.0,119.7300033569336,buy,session,2020-03-03-372ab866
2020-03-03,fill,PGR,-6059.130187988281,77.0,78.69000244140625,buy,session,2020-03-03-372ab866
2020-03-03,fill,PH,-3456.179901123047,18.0,192.009994506836,buy,session,2020-03-03-372ab866
2020-03-03,fill,PYPL,-17938.37995147705,159.0,112.81999969482422,buy,session,2020-03-03-372ab866
2020-03-03,fill,QCOM,-12688.739952087402,157.0,80.81999969482422,buy,session,2020-03-03-372ab866
2020-03-03,fill,REGN,-6820.800018310547,15.0,454.7200012207031,buy,session,2020-03-03-372ab866
2020-03-03,fill,RMD,-3204.919860839844,19.0,168.67999267578125,buy,session,2020-03-03-372ab866
2020-03-03,fill,ROK,-3046.39990234375,16.0,190.3999938964844,buy,session,2020-03-03-372ab866
2020-03-03,fill,ROP,-5057.64013671875,14.0,361.260009765625,buy,session,2020-03-03-372ab866
2020-03-03,fill,SBUX,-13168.00048828125,160.0,82.30000305175781,buy,session,2020-03-03-372ab866
2020-03-03,fill,SPGI,-8774.41796875,32.0,274.2005615234375,buy,session,2020-03-03-372ab866
2020-03-03,fill,SWKS,-2398.670021057129,23.0,104.29000091552734,buy,session,2020-03-03-372ab866
2020-03-03,fill,TECH,-246.7250061035156,5.0,49.345001220703125,buy,session,2020-03-03-372ab866
2020-03-03,fill,TPR,-951.2000274658204,40.0,23.780000686645508,buy,session,2020-03-03-372ab866
2020-03-03,fill,TRMB,-1387.8799896240234,34.0,40.81999969482422,buy,session,2020-03-03-372ab866
2020-03-03,fill,TROW,-3857.6400756835938,31.0,124.44000244140624,buy,session,2020-03-03-372ab866
2020-03-03,fill,TXN,-15271.019645690918,129.0,118.37999725341795,buy,session,2020-03-03-372ab866
2020-03-03,fill,UNP,-15587.899703979492,97.0,160.6999969482422,buy,session,2020-03-03-372ab866
2020-03-03,fill,VEEV,-3168.0,22.0,144.0,buy,session,2020-03-03-372ab866
2020-03-03,fill,VRSK,-3592.379852294922,22.0,163.2899932861328,buy,session,2020-03-03-372ab866
2020-03-03,fill,VRSN,-3115.0400390625,16.0,194.69000244140625,buy,session,2020-03-03-372ab866
2020-03-03,fill,VRTX,-8059.450149536133,35.0,230.2700042724609,buy,session,2020-03-03-372ab866
2020-03-03,fill,ZTS,-8785.980422973633,63.0,139.4600067138672,buy,session,2020-03-03-372ab866
2020-03-03,cash_throttle,SPY,,,,SPY at or below 200-day SMA — cash,session,
2020-03-04,fill,A,3434.339859008789,42.0,81.7699966430664,sell,session,2020-03-04-07fa7724
2020-03-04,fill,ACN,16164.60026550293,87.0,185.8000030517578,sell,session,2020-03-04-07fa7724
2020-03-04,fill,ADBE,23034.70031738281,65.0,354.3800048828125,sell,session,2020-03-04-07fa7724
2020-03-04,fill,ADI,5559.0,51.0,109.0,sell,session,2020-03-04-07fa7724
2020-03-04,fill,ADSK,5700.899810791016,31.0,183.8999938964844,sell,session,2020-03-04-07fa7724
2020-03-04,fill,ALGN,2511.5200805664062,11.0,228.32000732421875,sell,session,2020-03-04-07fa7724
2020-03-04,fill,AMAT,7429.999828338623,125.0,59.43999862670898,sell,session,2020-03-04-07fa7724
2020-03-04,fill,AMCR,7719.449878692627,159.0,48.54999923706055,sell,session,2020-03-04-07fa7724
2020-03-04,fill,AME,2753.1099243164062,31.0,88.80999755859375,sell,session,2020-03-04-07fa7724
2020-03-04,fill,AMGN,16552.869903564453,79.0,209.52999877929688,sell,session,2020-03-04-07fa7724
2020-03-04,fill,AMT,14489.220108032228,59.0,245.5800018310547,sell,session,2020-03-04-07fa7724
2020-03-04,fill,APD,6942.599945068359,30.0,231.4199981689453,sell,session,2020-03-04-07fa7724
2020-03-04,fill,AZO,3120.0,3.0,1040.0,sell,session,2020-03-04-07fa7724
2020-03-04,fill,BIIB,7343.670196533203,23.0,319.2900085449219,sell,session,2020-03-04-07fa7724
2020-03-04,fill,BR,1672.1600341796875,16.0,104.51000213623048,sell,session,2020-03-04-07fa7724
2020-03-04,fill,CBOE,1762.799949645996,15.0,117.5199966430664,sell,session,2020-03-04-07fa7724
2020-03-04,fill,CDNS,2570.3199768066406,38.0,67.63999938964844,sell,session,2020-03-04-07fa7724
2020-03-04,fill,CLX,2734.39990234375,16.0,170.89999389648438,sell,session,2020-03-04-07fa7724
2020-03-04,fill,CME,10449.599853515623,48.0,217.6999969482422,sell,session,2020-03-04-07fa7724
2020-03-04,fill,CPAY,3250.7999267578125,12.0,270.8999938964844,sell,session,2020-03-04-07fa7724
2020-03-04,fill,CPRT,679.1199951171875,32.0,21.22249984741211,sell,session,2020-03-04-07fa7724
2020-03-04,fill,CRM,20670.0,120.0,172.25,sell,session,2020-03-04-07fa7724
2020-03-04,fill,CSCO,23699.04071044922,582.0,40.720001220703125,sell,session,2020-03-04-07fa7724
2020-03-04,fill,DRI,1641.3500518798828,17.0,96.5500030517578,sell,session,2020-03-04-07fa7724
2020-03-04,fill,EL,9613.999938964844,50.0,192.27999877929688,sell,session,2020-03-04-07fa7724
2020-03-04,fill,EXPD,1636.219985961914,23.0,71.13999938964844,sell,session,2020-03-04-07fa7724
2020-03-04,fill,EXPE,2116.8400268554688,22.0,96.22000122070312,sell,session,2020-03-04-07fa7724
2020-03-04,fill,FDS,1421.6999816894531,5.0,284.3399963378906,sell,session,2020-03-04-07fa7724
2020-03-04,fill,FFIV,1063.0800247192385,9.0,118.12000274658205,sell,session,2020-03-04-07fa7724
2020-03-04,fill,FICO,1522.56005859375,4.0,380.6400146484375,sell,session,2020-03-04-07fa7724
2020-03-04,fill,GILD,12358.50025177002,165.0,74.9000015258789,sell,session,2020-03-04-07fa7724
2020-03-04,fill,GL,1484.3199462890625,16.0,92.7699966430664,sell,session,2020-03-04-07fa7724
2020-03-04,fill,GPN,7797.790100097656,41.0,190.19000244140625,sell,session,2020-03-04-07fa7724
2020-03-04,fill,GRMN,2285.7500076293945,25.0,91.43000030517578,sell,session,2020-03-04-07fa7724
2020-03-04,fill,HD,34019.45919799805,146.0,233.009994506836,sell,session,2020-03-04-07fa7724
2020-03-04,fill,ICE,7143.75,75.0,95.25,sell,session,2020-03-04-07fa7724
2020-03-04,fill,ILMN,5369.649658203125,20.0,268.48248291015625,sell,session,2020-03-04-07fa7724
2020-03-04,fill,INCY,2295.3500442504883,29.0,79.1500015258789,sell,session,2020-03-04-07fa7724
2020-03-04,fill,INTU,9597.70004272461,35.0,274.2200012207031,sell,session,2020-03-04-07fa7724
2020-03-04,fill,ISRG,3029.333251953125,16.0,189.3333282470703,sell,session,2020-03-04-07fa7724
2020-03-04,fill,ITW,7553.0401611328125,44.0,171.66000366210938,sell,session,2020-03-04-07fa7724
2020-03-04,fill,IVZ,799.1499853134155,55.0,14.529999732971191,sell,session,2020-03-04-07fa7724
2020-03-04,fill,JKHY,1609.499969482422,10.0,160.9499969482422,sell,session,2020-03-04-07fa7724
2020-03-04,fill,JNJ,50115.517333984375,364.0,137.67999267578125,sell,session,2020-03-04-07fa7724
2020-03-04,fill,KDP,5528.160015106201,198.0,27.920000076293945,sell,session,2020-03-04-07fa7724
2020-03-04,fill,KEYS,2481.4400634765625,26.0,95.44000244140624,sell,session,2020-03-04-07fa7724
2020-03-04,fill,LITE,825.2999877929688,10.0,82.52999877929688,sell,session,2020-03-04-07fa7724
2020-03-04,fill,LUV,3441.749954223633,75.0,45.88999938964844,sell,session,2020-03-04-07fa7724
2020-03-04,fill,LVS,6131.160049438477,108.0,56.77000045776367,sell,session,2020-03-04-07fa7724
2020-03-04,fill,MA,40978.06799316406,137.0,299.1099853515625,sell,session,2020-03-04-07fa7724
2020-03-04,fill,MCD,21000.71923828125,104.0,201.92999267578125,sell,session,2020-03-04-07fa7724
2020-03-04,fill,MCO,6429.000091552734,25.0,257.1600036621094,sell,session,2020-03-04-07fa7724
2020-03-04,fill,MDT,19074.30056762696,186.0,102.5500030517578,sell,session,2020-03-04-07fa7724
2020-03-04,fill,META,75289.65927124023,398.0,189.1699981689453,sell,session,2020-03-04-07fa7724
2020-03-04,fill,MO,10684.800384521484,252.0,42.400001525878906,sell,session,2020-03-04-07fa7724
2020-03-04,fill,MSCI,3466.2098388671875,11.0,315.1099853515625,sell,session,2020-03-04-07fa7724
2020-03-04,fill,MSFT,88794.23289489746,527.0,168.49000549316406,sell,session,2020-03-04-07fa7724
2020-03-04,fill,MU,8006.020069122314,151.0,53.02000045776367,sell,session,2020-03-04-07fa7724
2020-03-04,fill,NEM,5471.8000831604,109.0,50.20000076293945,sell,session,2020-03-04-07fa7724
2020-03-04,fill,NKE,20349.68040466309,221.0,92.08000183105467,sell,session,2020-03-04-07fa7724
2020-03-04,fill,NSC,6461.279846191406,36.0,179.47999572753906,sell,session,2020-03-04-07fa7724
2020-03-04,fill,NTAP,1439.0199432373047,31.0,46.41999816894531,sell,session,2020-03-04-07fa7724
2020-03-04,fill,NWSA,970.269965171814,83.0,11.6899995803833,sell,session,2020-03-04-07fa7724
2020-03-04,fill,NXPI,4492.360046386719,38.0,118.22000122070312,sell,session,2020-03-04-07fa7724
2020-03-04,fill,ORCL,21983.8493270874,441.0,49.84999847412109,sell,session,2020-03-04-07fa7724
2020-03-04,fill,PAYX,3865.920043945313,48.0,80.54000091552734,sell,session,2020-03-04-07fa7724
2020-03-04,fill,PG,40159.79907989502,335.0,119.87999725341795,sell,session,2020-03-04-07fa7724
2020-03-04,fill,PGR,6008.309906005859,77.0,78.02999877929688,sell,session,2020-03-04-07fa7724
2020-03-04,fill,PH,3412.6199340820312,18.0,189.58999633789065,sell,session,2020-03-04-07fa7724
2020-03-04,fill,PYPL,17814.360145568848,159.0,112.04000091552734,sell,session,2020-03-04-07fa7724
2020-03-04,fill,QCOM,12421.84043121338,157.0,79.12000274658203,sell,session,2020-03-04-07fa7724
2020-03-04,fill,REGN,7019.399871826172,15.0,467.9599914550781,sell,session,2020-03-04-07fa7724
2020-03-04,fill,RMD,3197.7000579833984,19.0,168.3000030517578,sell,session,2020-03-04-07fa7724
2020-03-04,fill,ROK,2997.919921875,16.0,187.3699951171875,sell,session,2020-03-04-07fa7724
2020-03-04,fill,ROP,5027.119812011719,14.0,359.0799865722656,sell,session,2020-03-04-07fa7724
2020-03-04,fill,SBUX,12686.400146484377,160.0,79.29000091552734,sell,session,2020-03-04-07fa7724
2020-03-04,fill,SPGI,8629.1015625,32.0,269.659423828125,sell,session,2020-03-04-07fa7724
2020-03-04,fill,SWKS,2346.230049133301,23.0,102.01000213623048,sell,session,2020-03-04-07fa7724
2020-03-04,fill,TECH,245.8749961853028,5.0,49.17499923706055,sell,session,2020-03-04-07fa7724
2020-03-04,fill,TPR,946.3999938964844,40.0,23.65999984741211,sell,session,2020-03-04-07fa7724
2020-03-04,fill,TRMB,1374.2799377441406,34.0,40.41999816894531,sell,session,2020-03-04-07fa7724
2020-03-04,fill,TROW,3886.1600189208975,31.0,125.36000061035156,sell,session,2020-03-04-07fa7724
2020-03-04,fill,TXN,14934.329566955566,129.0,115.7699966430664,sell,session,2020-03-04-07fa7724
2020-03-04,fill,UNP,15505.450592041016,97.0,159.85000610351562,sell,session,2020-03-04-07fa7724
2020-03-04,fill,VEEV,3278.0,22.0,149.0,sell,session,2020-03-04-07fa7724
2020-03-04,fill,VRSK,3568.8400268554688,22.0,162.22000122070312,sell,session,2020-03-04-07fa7724
2020-03-04,fill,VRSN,3071.199951171875,16.0,191.9499969482422,sell,session,2020-03-04-07fa7724
2020-03-04,fill,VRTX,8130.149765014648,35.0,232.2899932861328,sell,session,2020-03-04-07fa7724
2020-03-04,fill,ZTS,8816.849807739258,63.0,139.9499969482422,sell,session,2020-03-04-07fa7724
2020-03-04,cash_throttle,SPY,,,,SPY above 200-day SMA,session,
2020-03-05,fill,A,-3285.599975585937,40.0,82.13999938964844,buy,session,2020-03-05-aebdbce5
2020-03-05,fill,ACN,-16102.829681396484,87.0,185.08999633789065,buy,session,2020-03-05-aebdbce5
2020-03-05,fill,ADBE,-22723.83984375,64.0,355.0599975585937,buy,session,2020-03-05-aebdbce5
2020-03-05,fill,ADI,-5451.499938964844,50.0,109.02999877929688,buy,session,2020-03-05-aebdbce5
2020-03-05,fill,ADSK,-5749.570037841797,31.0,185.47000122070312,buy,session,2020-03-05-aebdbce5
2020-03-05,fill,ALGN,-2295.399932861328,10.0,229.5399932861328,buy,session,2020-03-05-aebdbce5
2020-03-05,fill,AMAT,-7202.880168914795,123.0,58.560001373291016,buy,session,2020-03-05-aebdbce5
2020-03-05,fill,AMCR,-7465.349880218506,157.0,47.54999923706055,buy,session,2020-03-05-aebdbce5
2020-03-05,fill,AME,-2656.7999267578125,30.0,88.55999755859375,buy,session,2020-03-05-aebdbce5
2020-03-05,fill,AMGN,-15989.820281982422,77.0,207.6600036621093,buy,session,2020-03-05-aebdbce5
2020-03-05,fill,AMT,-13918.800170898438,56.0,248.5500030517578,buy,session,2020-03-05-aebdbce5
2020-03-05,fill,APD,-6454.0,28.0,230.5,buy,session,2020-03-05-aebdbce5
2020-03-05,fill,AZO,-3113.159912109375,3.0,1037.719970703125,buy,session,2020-03-05-aebdbce5
2020-03-05,fill,BIIB,-7353.790252685547,23.0,319.7300109863281,buy,session,2020-03-05-aebdbce5
2020-03-05,fill,BR,-1656.9599609375,16.0,103.55999755859376,buy,session,2020-03-05-aebdbce5
2020-03-05,fill,CBOE,-1738.7999725341797,15.0,115.91999816894533,buy,session,2020-03-05-aebdbce5
2020-03-05,fill,CDNS,-2508.230033874512,37.0,67.79000091552734,buy,session,2020-03-05-aebdbce5
2020-03-05,fill,CLX,-2724.320068359375,16.0,170.27000427246094,buy,session,2020-03-05-aebdbce5
2020-03-05,fill,CME,-9636.0,44.0,219.0,buy,session,2020-03-05-aebdbce5
2020-03-05,fill,CPAY,-3128.640014648437,12.0,260.7200012207031,buy,session,2020-03-05-aebdbce5
2020-03-05,fill,CPRT,-677.6799926757812,32.0,21.177499771118164,buy,session,2020-03-05-aebdbce5
2020-03-05,fill,CRM,-20535.83087158203,119.0,172.57000732421875,buy,session,2020-03-05-aebdbce5
2020-03-05,fill,CSCO,-22937.068954467773,571.0,40.16999816894531,buy,session,2020-03-05-aebdbce5
2020-03-05,fill,DRI,-1699.3800659179688,18.0,94.41000366210938,buy,session,2020-03-05-aebdbce5
2020-03-05,fill,EL,-9269.32991027832,49.0,189.1699981689453,buy,session,2020-03-05-aebdbce5
2020-03-05,fill,EXPD,-1635.2999649047852,23.0,71.0999984741211,buy,session,2020-03-05-aebdbce5
2020-03-05,fill,EXPE,-1980.0900192260744,21.0,94.29000091552734,buy,session,2020-03-05-aebdbce5
2020-03-05,fill,FDS,-1444.2999267578125,5.0,288.8599853515625,buy,session,2020-03-05-aebdbce5
2020-03-05,fill,FFIV,-958.1599731445312,8.0,119.7699966430664,buy,session,2020-03-05-aebdbce5
2020-03-05,fill,FICO,-1527.719970703125,4.0,381.9299926757813,buy,session,2020-03-05-aebdbce5
2020-03-05,fill,GILD,-12075.0,161.0,75.0,buy,session,2020-03-05-aebdbce5
2020-03-05,fill,GL,-1472.0,16.0,92.0,buy,session,2020-03-05-aebdbce5
2020-03-05,fill,GPN,-7573.599853515625,40.0,189.33999633789065,buy,session,2020-03-05-aebdbce5
2020-03-05,fill,GRMN,-2278.249931335449,25.0,91.12999725341795,buy,session,2020-03-05-aebdbce5
2020-03-05,fill,HD,-32414.20083618164,137.0,236.6000061035156,buy,session,2020-03-05-aebdbce5
2020-03-05,fill,ICE,-6776.489936828613,69.0,98.20999908447266,buy,session,2020-03-05-aebdbce5
2020-03-05,fill,ILMN,-5063.277923583984,19.0,266.4883117675781,buy,session,2020-03-05-aebdbce5
2020-03-05,fill,INCY,-2193.7999572753906,28.0,78.3499984741211,buy,session,2020-03-05-aebdbce5
2020-03-05,fill,INTU,-9388.760498046877,34.0,276.1400146484375,buy,session,2020-03-05-aebdbce5
2020-03-05,fill,ISRG,-2858.949966430664,15.0,190.5966644287109,buy,session,2020-03-05-aebdbce5
2020-03-05,fill,ITW,-7205.5198974609375,42.0,171.55999755859375,buy,session,2020-03-05-aebdbce5
2020-03-05,fill,IVZ,-768.899974822998,55.0,13.979999542236328,buy,session,2020-03-05-aebdbce5
2020-03-05,fill,JKHY,-1604.499969482422,10.0,160.4499969482422,buy,session,2020-03-05-aebdbce5
2020-03-05,fill,JNJ,-49420.80107116699,351.0,140.8000030517578,buy,session,2020-03-05-aebdbce5
2020-03-05,fill,KDP,-5394.890121459961,199.0,27.11000061035156,buy,session,2020-03-05-aebdbce5
2020-03-05,fill,KEYS,-2480.660095214844,26.0,95.41000366210938,buy,session,2020-03-05-aebdbce5
2020-03-05,fill,LITE,-825.8000183105469,10.0,82.58000183105469,buy,session,2020-03-05-aebdbce5
2020-03-05,fill,LUV,-3334.440101623535,74.0,45.060001373291016,buy,session,2020-03-05-aebdbce5
2020-03-05,fill,LVS,-6004.799835205078,108.0,55.59999847412109,buy,session,2020-03-05-aebdbce5
2020-03-05,fill,MA,-40512.2688293457,137.0,295.7099914550781,buy,session,2020-03-05-aebdbce5
2020-03-05,fill,MCD,-20263.999938964844,100.0,202.63999938964844,buy,session,2020-03-05-aebdbce5
2020-03-05,fill,MCO,-6246.240234375,24.0,260.260009765625,buy,session,2020-03-05-aebdbce5
2020-03-05,fill,MDT,-18705.95977783203,182.0,102.77999877929688,buy,session,2020-03-05-aebdbce5
2020-03-05,fill,META,-75085.55950927734,402.0,186.77999877929688,buy,session,2020-03-05-aebdbce5
2020-03-05,fill,MO,-10169.739891052246,238.0,42.72999954223633,buy,session,2020-03-05-aebdbce5
2020-03-05,fill,MSCI,-3456.0900268554688,11.0,314.19000244140625,buy,session,2020-03-05-aebdbce5
2020-03-05,fill,MSFT,-87342.30160522461,526.0,166.0500030517578,buy,session,2020-03-05-aebdbce5
2020-03-05,fill,MU,-7857.1501121521,147.0,53.45000076293945,buy,session,2020-03-05-aebdbce5
2020-03-05,fill,NEM,-5069.789909362793,99.0,51.209999084472656,buy,session,2020-03-05-aebdbce5
2020-03-05,fill,NKE,-19620.90045928955,215.0,91.26000213623048,buy,session,2020-03-05-aebdbce5
2020-03-05,fill,NSC,-6389.279846191406,36.0,177.47999572753906,buy,session,2020-03-05-aebdbce5
2020-03-05,fill,NTAP,-1394.6900520324707,31.0,44.9900016784668,buy,session,2020-03-05-aebdbce5
2020-03-05,fill,NWSA,-998.7599601745604,87.0,11.479999542236328,buy,session,2020-03-05-aebdbce5
2020-03-05,fill,NXPI,-4312.350112915039,37.0,116.5500030517578,buy,session,2020-03-05-aebdbce5
2020-03-05,fill,ORCL,-21562.73979949951,438.0,49.22999954223633,buy,session,2020-03-05-aebdbce5
2020-03-05,fill,PAYX,-3774.569885253906,47.0,80.30999755859375,buy,session,2020-03-05-aebdbce5
2020-03-05,fill,PG,-38452.10096740723,317.0,121.3000030517578,buy,session,2020-03-05-aebdbce5
2020-03-05,fill,PGR,-5829.719909667969,74.0,78.77999877929688,buy,session,2020-03-05-aebdbce5
2020-03-05,fill,PH,-3177.6399688720703,17.0,186.9199981689453,buy,session,2020-03-05-aebdbce5
2020-03-05,fill,PYPL,-17140.589813232422,153.0,112.02999877929688,buy,session,2020-03-05-aebdbce5
2020-03-05,fill,QCOM,-12077.919860839844,152.0,79.45999908447266,buy,session,2020-03-05-aebdbce5
2020-03-05,fill,REGN,-6733.160034179688,14.0,480.9400024414063,buy,session,2020-03-05-aebdbce5
2020-03-05,fill,RMD,-3098.8800659179688,18.0,172.16000366210938,buy,session,2020-03-05-aebdbce5
2020-03-05,fill,ROK,-2782.800064086914,15.0,185.5200042724609,buy,session,2020-03-05-aebdbce5
2020-03-05,fill,ROP,-5034.259948730469,14.0,359.5899963378906,buy,session,2020-03-05-aebdbce5
2020-03-05,fill,SBUX,-12697.700248718262,163.0,77.9000015258789,buy,session,2020-03-05-aebdbce5
2020-03-05,fill,SPGI,-8484.673889160156,31.0,273.6991577148437,buy,session,2020-03-05-aebdbce5
2020-03-05,fill,SWKS,-2322.079978942871,23.0,100.95999908447266,buy,session,2020-03-05-aebdbce5
2020-03-05,fill,TECH,-242.4625015258789,5.0,48.49250030517578,buy,session,2020-03-05-aebdbce5
2020-03-05,fill,TPR,-900.5100059509277,39.0,23.09000015258789,buy,session,2020-03-05-aebdbce5
2020-03-05,fill,TRMB,-1344.3600311279297,34.0,39.540000915527344,buy,session,2020-03-05-aebdbce5
2020-03-05,fill,TROW,-3751.20002746582,30.0,125.04000091552734,buy,session,2020-03-05-aebdbce5
2020-03-05,fill,TXN,-14626.589767456057,127.0,115.16999816894533,buy,session,2020-03-05-aebdbce5
2020-03-05,fill,UNP,-14975.799942016602,95.0,157.63999938964844,buy,session,2020-03-05-aebdbce5
2020-03-05,fill,VEEV,-3135.0,22.0,142.5,buy,session,2020-03-05-aebdbce5
2020-03-05,fill,VRSK,-3441.4801025390625,21.0,163.8800048828125,buy,session,2020-03-05-aebdbce5
2020-03-05,fill,VRSN,-2905.3500366210938,15.0,193.69000244140625,buy,session,2020-03-05-aebdbce5
2020-03-05,fill,VRTX,-7894.920181274414,33.0,239.2400054931641,buy,session,2020-03-05-aebdbce5
2020-03-05,fill,ZTS,-8584.529739379883,61.0,140.72999572753906,buy,session,2020-03-05-aebdbce5
2020-03-05,cash_throttle,SPY,,,,SPY at or below 200-day SMA — cash,session,
2020-03-06,fill,A,3117.9998779296875,40.0,77.94999694824219,sell,session,
2020-03-06,fill,ACN,15438.14973449707,87.0,177.4499969482422,sell,session,
2020-03-06,fill,ADBE,21788.80078125,64.0,340.45001220703125,sell,session,
2020-03-06,fill,ADI,5250.0,50.0,105.0,sell,session,
2020-03-06,fill,ADSK,5512.730056762695,31.0,177.8300018310547,sell,session,
2020-03-06,fill,ALGN,2197.7000427246094,10.0,219.7700042724609,sell,session,
2020-03-06,fill,AMAT,7011.0,123.0,57.0,sell,session,
2020-03-06,fill,AMCR,7308.349880218506,157.0,46.54999923706055,sell,session,
2020-03-06,fill,AME,2580.300064086914,30.0,86.01000213623047,sell,session,
2020-03-06,fill,AMGN,15705.69009399414,77.0,203.97000122070312,sell,session,
2020-03-06,fill,AMT,13617.519897460938,56.0,243.1699981689453,sell,session,
2020-03-06,fill,APD,6334.439880371094,28.0,226.22999572753903,sell,session,
2020-03-06,fill,AZO,3025.5,3.0,1008.5,sell,session,
2020-03-06,fill,BIIB,7090.209747314453,23.0,308.2699890136719,sell,session,
2020-03-06,fill,BR,1569.280029296875,16.0,98.08000183105467,sell,session,
2020-03-06,fill,CBOE,1725.0,15.0,115.0,sell,session,
2020-03-06,fill,CDNS,2393.899887084961,37.0,64.69999694824219,sell,session,
2020-03-06,fill,CLX,2751.0400390625,16.0,171.94000244140625,sell,session,
2020-03-06,fill,CME,9568.240295410156,44.0,217.4600067138672,sell,session,
2020-03-06,fill,CPAY,2939.7599487304688,12.0,244.97999572753903,sell,session,
2020-03-06,fill,CPRT,639.1199951171875,32.0,19.97249984741211,sell,session,
2020-03-06,fill,CRM,19714.72978210449,119.0,165.6699981689453,sell,session,
2020-03-06,fill,CSCO,21698.0,571.0,38.0,sell,session,
2020-03-06,fill,DRI,1520.4600219726562,18.0,84.47000122070312,sell,session,
2020-03-06,fill,EL,9038.049850463867,49.0,184.4499969482422,sell,session,
2020-03-06,fill,EXPD,1613.9099578857422,23.0,70.16999816894531,sell,session,
2020-03-06,fill,EXPE,1853.46004486084,21.0,88.26000213623047,sell,session,
2020-03-06,fill,FDS,1397.550048828125,5.0,279.510009765625,sell,session,
2020-03-06,fill,FFIV,926.239990234375,8.0,115.77999877929688,sell,session,
2020-03-06,fill,FICO,1476.43994140625,4.0,369.1099853515625,sell,session,
2020-03-06,fill,GILD,12126.5199508667,161.0,75.31999969482422,sell,session,
2020-03-06,fill,GL,1376.9599609375,16.0,86.05999755859375,sell,session,
2020-03-06,fill,GPN,7177.19970703125,40.0,179.42999267578125,sell,session,
2020-03-06,fill,GRMN,2170.750045776367,25.0,86.83000183105469,sell,session,
2020-03-06,fill,HD,31177.09100341797,137.0,227.57000732421875,sell,session,
2020-03-06,fill,ICE,6563.96981048584,69.0,95.12999725341795,sell,session,
2020-03-06,fill,ILMN,4915.6029052734375,19.0,258.7159423828125,sell,session,
2020-03-06,fill,INCY,2105.040008544922,28.0,75.18000030517578,sell,session,
2020-03-06,fill,INTU,9399.300415039062,34.0,276.45001220703125,sell,session,
2020-03-06,fill,ISRG,2749.9999237060547,15.0,183.3333282470703,sell,session,
2020-03-06,fill,ITW,6833.820281982422,42.0,162.7100067138672,sell,session,
2020-03-06,fill,IVZ,701.25,55.0,12.75,sell,session,
2020-03-06,fill,JKHY,1602.2000122070312,10.0,160.22000122070312,sell,session,
2020-03-06,fill,JNJ,48606.47850036621,351.0,138.47999572753906,sell,session,
2020-03-06,fill,KDP,5247.630167007446,199.0,26.3700008392334,sell,session,
2020-03-06,fill,KEYS,2491.059936523437,26.0,95.80999755859376,sell,session,
2020-03-06,fill,LITE,837.0999908447266,10.0,83.70999908447266,sell,session,
2020-03-06,fill,LUV,3223.440101623535,74.0,43.560001373291016,sell,session,
2020-03-06,fill,LVS,5724.0,108.0,53.0,sell,session,
2020-03-06,fill,MA,38728.530334472656,137.0,282.69000244140625,sell,session,
2020-03-06,fill,MCD,19289.99938964844,100.0,192.8999938964844,sell,session,
2020-03-06,fill,MCO,5822.8798828125,24.0,242.6199951171875,sell,session,
2020-03-06,fill,MDT,17704.95977783203,182.0,97.27999877929688,sell,session,
2020-03-06,fill,META,71688.66073608398,402.0,178.3300018310547,sell,session,
2020-03-06,fill,MO,9962.680145263672,238.0,41.86000061035156,sell,session,
2020-03-06,fill,MSCI,3201.4400939941406,11.0,291.0400085449219,sell,session,
2020-03-06,fill,MSFT,85532.86032104492,526.0,162.61000061035156,sell,session,
2020-03-06,fill,MU,7673.4001121521,147.0,52.20000076293945,sell,session,
2020-03-06,fill,NEM,5165.820030212402,99.0,52.18000030517578,sell,session,
2020-03-06,fill,NKE,18997.400131225582,215.0,88.36000061035156,sell,session,
2020-03-06,fill,NSC,6078.960021972656,36.0,168.86000061035156,sell,session,
2020-03-06,fill,NTAP,1306.9599952697754,31.0,42.15999984741211,sell,session,
2020-03-06,fill,NWSA,929.160026550293,87.0,10.68000030517578,sell,session,
2020-03-06,fill,NXPI,4097.379920959473,37.0,110.73999786376952,sell,session,
2020-03-06,fill,ORCL,20397.659866333008,438.0,46.56999969482422,sell,session,
2020-03-06,fill,PAYX,3592.6801147460938,47.0,76.44000244140625,sell,session,
2020-03-06,fill,PG,37415.50961303711,317.0,118.02999877929688,sell,session,
2020-03-06,fill,PGR,5766.820022583008,74.0,77.93000030517578,sell,session,
2020-03-06,fill,PH,2944.399948120117,17.0,173.1999969482422,sell,session,
2020-03-06,fill,PYPL,16516.349533081055,153.0,107.9499969482422,sell,session,
2020-03-06,fill,QCOM,11602.160278320312,152.0,76.33000183105469,sell,session,
2020-03-06,fill,REGN,6682.060119628906,14.0,477.2900085449219,sell,session,
2020-03-06,fill,RMD,3005.820098876953,18.0,166.99000549316406,sell,session,
2020-03-06,fill,ROK,2665.3500366210938,15.0,177.69000244140625,sell,session,
2020-03-06,fill,ROP,4794.580017089844,14.0,342.4700012207031,sell,session,
2020-03-06,fill,SBUX,11973.979850769045,163.0,73.45999908447266,sell,session,
2020-03-06,fill,SPGI,7886.083358764648,31.0,254.3897857666016,sell,session,
2020-03-06,fill,SWKS,2179.019950866699,23.0,94.73999786376952,sell,session,
2020-03-06,fill,TECH,236.13750457763672,5.0,47.227500915527344,sell,session,
2020-03-06,fill,TPR,828.75,39.0,21.25,sell,session,
2020-03-06,fill,TRMB,1318.5199584960938,34.0,38.77999877929688,sell,session,
2020-03-06,fill,TROW,3503.3999633789062,30.0,116.77999877929688,sell,session,
2020-03-06,fill,TXN,14108.42953491211,127.0,111.08999633789062,sell,session,
2020-03-06,fill,UNP,14204.400405883787,95.0,149.52000427246094,sell,session,
2020-03-06,fill,VEEV,3148.4200134277344,22.0,143.11000061035156,sell,session,
2020-03-06,fill,VRSK,3342.569961547852,21.0,159.1699981689453,sell,session,
2020-03-06,fill,VRSN,2790.8999633789062,15.0,186.0599975585937,sell,session,
2020-03-06,fill,VRTX,7512.449798583984,33.0,227.6499938964844,sell,session,
2020-03-06,fill,ZTS,8230.119888305664,61.0,134.9199981689453,sell,session,
2020-05-26,cash_throttle,SPY,,,,SPY above 200-day SMA,session,
2020-05-27,purification_post,,-0.1515410353353519,,,ex-date impure dividend,session,
2020-05-27,fill,ADBE,-23140.87939453125,62.0,373.239990234375,buy,session,2020-05-27-9daff09d
2020-05-27,fill,ADI,-5577.179985046387,49.0,113.81999969482422,buy,session,2020-05-27-9daff09d
2020-05-27,fill,ADSK,-5562.1998291015625,28.0,198.6499938964844,buy,session,2020-05-27-9daff09d
2020-05-27,fill,ALGN,-2262.240005493164,9.0,251.3600006103516,buy,session,2020-05-27-9daff09d
2020-05-27,fill,AMAT,-6281.670017242432,113.0,55.59000015258789,buy,session,2020-05-27-9daff09d
2020-05-27,fill,AMCR,-7256.20011138916,146.0,49.70000076293945,buy,session,2020-05-27-9daff09d
2020-05-27,fill,AMGN,-19341.84063720703,87.0,222.32000732421875,buy,session,2020-05-27-9daff09d
2020-05-27,fill,BIIB,-7128.0,24.0,297.0,buy,session,2020-05-27-9daff09d
2020-05-27,fill,BR,-1889.1199951171875,16.0,118.06999969482422,buy,session,2020-05-27-9daff09d
2020-05-27,fill,CBOE,-1545.7500457763672,15.0,103.0500030517578,buy,session,2020-05-27-9daff09d
2020-05-27,fill,CDNS,-3126.5,37.0,84.5,buy,session,2020-05-27-9daff09d
2020-05-27,fill,CHD,-2390.5399169921875,34.0,70.30999755859375,buy,session,2020-05-27-9daff09d
2020-05-27,fill,CLX,-3126.239990234375,16.0,195.38999938964844,buy,session,2020-05-27-9daff09d
2020-05-27,fill,CME,-8866.080322265625,48.0,184.7100067138672,buy,session,2020-05-27-9daff09d
2020-05-27,fill,CPAY,-2816.4400939941406,11.0,256.0400085449219,buy,session,2020-05-27-9daff09d
2020-05-27,fill,CPRT,-641.9875221252441,29.0,22.137500762939453,buy,session,2020-05-27-9daff09d
2020-05-27,fill,CRM,-19744.479248046875,112.0,176.2899932861328,buy,session,2020-05-27-9daff09d
2020-05-27,fill,CSCO,-24817.040504455566,551.0,45.040000915527344,buy,session,2020-05-27-9daff09d
2020-05-27,fill,DRI,-1303.199951171875,16.0,81.44999694824219,buy,session,2020-05-27-9daff09d
2020-05-27,fill,EL,-9112.80029296875,48.0,189.8500061035156,buy,session,2020-05-27-9daff09d
2020-05-27,fill,EXPD,-1725.0,23.0,75.0,buy,session,2020-05-27-9daff09d
2020-05-27,fill,EXPE,-1551.240005493164,18.0,86.18000030517578,buy,session,2020-05-27-9daff09d
2020-05-27,fill,FAST,-1437.480010986328,72.0,19.96500015258789,buy,session,2020-05-27-9daff09d
2020-05-27,fill,FDS,-1497.7499389648438,5.0,299.54998779296875,buy,session,2020-05-27-9daff09d
2020-05-27,fill,FFIV,-1119.43994140625,8.0,139.92999267578125,buy,session,2020-05-27-9daff09d
2020-05-27,fill,FICO,-1586.199951171875,4.0,396.5499877929688,buy,session,2020-05-27-9daff09d
2020-05-27,fill,GILD,-14403.619453430176,199.0,72.37999725341797,buy,session,2020-05-27-9daff09d
2020-05-27,fill,GL,-1365.9499740600586,17.0,80.3499984741211,buy,session,2020-05-27-9daff09d
2020-05-27,fill,GPN,-6955.259857177734,39.0,178.33999633789062,buy,session,2020-05-27-9daff09d
2020-05-27,fill,GRMN,-2187.5,25.0,87.5,buy,session,2020-05-27-9daff09d
2020-05-27,fill,ICE,-6735.770195007324,71.0,94.87000274658205,buy,session,2020-05-27-9daff09d
2020-05-27,fill,IEX,-1573.8999938964844,10.0,157.38999938964844,buy,session,2020-05-27-9daff09d
2020-05-27,fill,ILMN,-6205.797729492188,18.0,344.7665405273437,buy,session,2020-05-27-9daff09d
2020-05-27,fill,INCY,-2863.170097351074,29.0,98.7300033569336,buy,session,2020-05-27-9daff09d
2020-05-27,fill,INTC,-34774.559829711914,558.0,62.31999969482422,buy,session,2020-05-27-9daff09d
2020-05-27,fill,INTU,-9626.760498046877,34.0,283.1400146484375,buy,session,2020-05-27-9daff09d
2020-05-27,fill,ISRG,-2832.4999237060547,15.0,188.8333282470703,buy,session,2020-05-27-9daff09d
2020-05-27,fill,ITW,-7197.959899902344,41.0,175.55999755859375,buy,session,2020-05-27-9daff09d
2020-05-27,fill,IVZ,-562.9799823760986,66.0,8.529999732971191,buy,session,2020-05-27-9daff09d
2020-05-27,fill,JKHY,-1817.7000427246087,10.0,181.7700042724609,buy,session,2020-05-27-9daff09d
2020-05-27,fill,JNJ,-54841.602783203125,380.0,144.32000732421875,buy,session,2020-05-27-9daff09d
2020-05-27,fill,KDP,-5147.100028991699,190.0,27.09000015258789,buy,session,2020-05-27-9daff09d
2020-05-27,fill,KEYS,-2437.5,25.0,97.5,buy,session,2020-05-27-9daff09d
2020-05-27,fill,LITE,-829.8400268554688,11.0,75.44000244140625,buy,session,2020-05-27-9daff09d
2020-05-27,fill,LMT,-15071.199951171877,40.0,376.7799987792969,buy,session,2020-05-27-9daff09d
2020-05-27,fill,LUV,-2373.2001037597656,68.0,34.900001525878906,buy,session,2020-05-27-9daff09d
2020-05-27,fill,MA,-38000.0,125.0,304.0,buy,session,2020-05-27-9daff09d
2020-05-27,fill,MCD,-20006.44058227539,106.0,188.7400054931641,buy,session,2020-05-27-9daff09d
2020-05-27,fill,MCO,-6584.999847412109,25.0,263.3999938964844,buy,session,2020-05-27-9daff09d
2020-05-27,fill,MDT,-18024.55005645752,185.0,97.43000030517578,buy,session,2020-05-27-9daff09d
2020-05-27,fill,META,-79487.2925415039,347.0,229.07000732421875,buy,session,2020-05-27-9daff09d
2020-05-27,fill,MMM,-10171.580291748049,79.0,128.75418090820312,buy,session,2020-05-27-9daff09d
2020-05-27,fill,MSCI,-3942.3599853515625,12.0,328.5299987792969,buy,session,2020-05-27-9daff09d
2020-05-27,fill,MSFT,-85955.39854431152,477.0,180.1999969482422,buy,session,2020-05-27-9daff09d
2020-05-27,fill,NDSN,-1253.6299743652344,7.0,179.08999633789062,buy,session,2020-05-27-9daff09d
2020-05-27,fill,NEM,-6339.210067749023,111.0,57.11000061035156,buy,session,2020-05-27-9daff09d
2020-05-27,fill,NKE,-19624.000549316406,200.0,98.12000274658205,buy,session,2020-05-27-9daff09d
2020-05-27,fill,NSC,-5996.760040283203,33.0,181.72000122070312,buy,session,2020-05-27-9daff09d
2020-05-27,fill,NTAP,-1363.5000228881836,30.0,45.45000076293945,buy,session,2020-05-27-9daff09d
2020-05-27,fill,NWSA,-832.1400289535522,69.0,12.0600004196167,buy,session,2020-05-27-9daff09d
2020-05-27,fill,NXPI,-3784.359954833984,37.0,102.27999877929688,buy,session,2020-05-27-9daff09d
2020-05-27,fill,ORCL,-23055.0,435.0,53.0,buy,session,2020-05-27-9daff09d
2020-05-27,fill,PAYX,-3429.020164489746,49.0,69.9800033569336,buy,session,2020-05-27-9daff09d
2020-05-27,fill,PG,-40612.5,361.0,112.5,buy,session,2020-05-27-9daff09d
2020-05-27,fill,PGR,-6326.879974365234,84.0,75.31999969482422,buy,session,2020-05-27-9daff09d
2020-05-27,fill,PH,-2936.159912109375,16.0,183.509994506836,buy,session,2020-05-27-9daff09d
2020-05-27,fill,PM,-16243.5,221.0,73.5,buy,session,2020-05-27-9daff09d
2020-05-27,fill,PYPL,-19639.799423217773,135.0,145.47999572753906,buy,session,2020-05-27-9daff09d
2020-05-27,fill,REGN,-8080.500183105469,15.0,538.7000122070312,buy,session,2020-05-27-9daff09d
2020-05-27,fill,RMD,-3026.7000579833984,19.0,159.3000030517578,buy,session,2020-05-27-9daff09d
2020-05-27,fill,ROL,-1197.5333099365234,46.0,26.03333282470703,buy,session,2020-05-27-9daff09d
2020-05-27,fill,ROP,-4875.0,13.0,375.0,buy,session,2020-05-27-9daff09d
2020-05-27,fill,SBUX,-12636.800537109377,160.0,78.9800033569336,buy,session,2020-05-27-9daff09d
2020-05-27,fill,SPGI,-9293.841247558594,31.0,299.80133056640625,buy,session,2020-05-27-9daff09d
2020-05-27,fill,SWKS,-2480.7299423217773,21.0,118.12999725341795,buy,session,2020-05-27-9daff09d
2020-05-27,fill,TDY,-1768.000030517578,5.0,353.6000061035156,buy,session,2020-05-27-9daff09d
2020-05-27,fill,TECH,-257.739990234375,4.0,64.43499755859375,buy,session,2020-05-27-9daff09d
2020-05-27,fill,TPR,-614.7999954223633,40.0,15.369999885559082,buy,session,2020-05-27-9daff09d
2020-05-27,fill,TRMB,-1213.3600044250488,29.0,41.84000015258789,buy,session,2020-05-27-9daff09d
2020-05-27,fill,TROW,-3843.070037841797,31.0,123.97000122070312,buy,session,2020-05-27-9daff09d
2020-05-27,fill,TXN,-15135.900039672852,130.0,116.43000030517578,buy,session,2020-05-27-9daff09d
2020-05-27,fill,TYL,-2105.5200805664062,6.0,350.9200134277344,buy,session,2020-05-27-9daff09d
2020-05-27,fill,UNP,-14951.820053100586,87.0,171.86000061035156,buy,session,2020-05-27-9daff09d
2020-05-27,fill,VEEV,-4053.0,21.0,193.0,buy,session,2020-05-27-9daff09d
2020-05-27,fill,VRSK,-3409.769897460937,21.0,162.3699951171875,buy,session,2020-05-27-9daff09d
2020-05-27,fill,VRSN,-3326.39990234375,16.0,207.8999938964844,buy,session,2020-05-27-9daff09d
2020-05-27,fill,VRTX,-8724.540161132812,33.0,264.3800048828125,buy,session,2020-05-27-9daff09d
2020-05-27,fill,ZTS,-7487.199829101562,56.0,133.6999969482422,buy,session,2020-05-27-9daff09d
2020-05-28,purification_post,,-0.1789508256212888,,,ex-date impure dividend,session,
2020-05-28,fill,CSCO,459.00001525878906,10.0,45.900001525878906,sell,session,2020-05-28-a0b45711
2020-05-28,fill,EL,194.2700042724609,1.0,194.2700042724609,sell,session,2020-05-28-a0b45711
2020-05-28,fill,GILD,224.9699935913086,3.0,74.98999786376953,sell,session,2020-05-28-a0b45711
2020-05-28,fill,INTC,441.0,7.0,63.0,sell,session,2020-05-28-a0b45711
2020-05-28,fill,KDP,140.0,5.0,28.0,sell,session,2020-05-28-a0b45711
2020-05-28,fill,LMT,802.9199829101562,2.0,401.4599914550781,sell,session,2020-05-28-a0b45711
2020-05-28,fill,MCD,189.4199981689453,1.0,189.4199981689453,sell,session,2020-05-28-a0b45711
2020-05-28,fill,MMM,398.1020050048828,3.0,132.70066833496094,sell,session,2020-05-28-a0b45711
2020-05-28,fill,NKE,500.4499816894531,5.0,100.08999633789062,sell,session,2020-05-28-a0b45711
2020-05-28,fill,PG,462.1199951171875,4.0,115.52999877929688,sell,session,2020-05-28-a0b45711
2020-05-28,fill,PGR,154.63999938964844,2.0,77.31999969482422,sell,session,2020-05-28-a0b45711
2020-05-28,fill,PM,300.0,4.0,75.0,sell,session,2020-05-28-a0b45711
2020-05-28,fill,TXN,235.5200042724609,2.0,117.76000213623048,sell,session,2020-05-28-a0b45711
2020-05-28,fill,UNP,173.0399932861328,1.0,173.0399932861328,sell,session,2020-05-28-a0b45711
2020-05-28,fill,VRTX,276.2699890136719,1.0,276.2699890136719,sell,session,2020-05-28-a0b45711
2020-05-28,fill,ADBE,-372.5,1.0,372.5,buy,session,2020-05-28-a0b45711
2020-05-28,fill,AMCR,-150.45000457763672,3.0,50.150001525878906,buy,session,2020-05-28-a0b45711
2020-05-28,fill,CME,-356.1000061035156,2.0,178.0500030517578,buy,session,2020-05-28-a0b45711
2020-05-28,fill,CRM,-180.0,1.0,180.0,buy,session,2020-05-28-a0b45711
2020-05-28,fill,ICE,-187.7400054931641,2.0,93.87000274658205,buy,session,2020-05-28-a0b45711
2020-05-28,fill,JNJ,-292.0400085449219,2.0,146.02000427246094,buy,session,2020-05-28-a0b45711
2020-05-28,fill,MA,-902.9400329589844,3.0,300.9800109863281,buy,session,2020-05-28-a0b45711
2020-05-28,fill,MDT,-292.5599899291992,3.0,97.5199966430664,buy,session,2020-05-28-a0b45711
2020-05-28,fill,META,-1570.1000213623047,7.0,224.3000030517578,buy,session,2020-05-28-a0b45711
2020-05-28,fill,MSFT,-542.2200164794922,3.0,180.7400054931641,buy,session,2020-05-28-a0b45711
2020-05-28,fill,NEM,-60.13999938964844,1.0,60.13999938964844,buy,session,2020-05-28-a0b45711
2020-05-29,purification_post,,-0.0333589809264985,,,ex-date impure dividend,session,
2020-05-29,fill,ADBE,382.6199951171875,1.0,382.6199951171875,sell,session,2020-05-29-25fad776
2020-05-29,fill,AMCR,99.3000030517578,2.0,49.650001525878906,sell,session,2020-05-29-25fad776
2020-05-29,fill,BR,119.44000244140624,1.0,119.44000244140624,sell,session,2020-05-29-25fad776
2020-05-29,fill,CME,177.7899932861328,1.0,177.7899932861328,sell,session,2020-05-29-25fad776
2020-05-29,fill,CRM,522.9000091552734,3.0,174.3000030517578,sell,session,2020-05-29-25fad776
2020-05-29,fill,ICE,189.83999633789065,2.0,94.91999816894533,sell,session,2020-05-29-25fad776
2020-05-29,fill,ILMN,361.8677062988281,1.0,361.8677062988281,sell,session,2020-05-29-25fad776
2020-05-29,fill,ISRG,191.3333282470703,1.0,191.3333282470703,sell,session,2020-05-29-25fad776
2020-05-29,fill,JNJ,739.8000335693359,5.0,147.9600067138672,sell,session,2020-05-29-25fad776
2020-05-29,fill,MA,302.0,1.0,302.0,sell,session,2020-05-29-25fad776
2020-05-29,fill,MCO,265.95001220703125,1.0,265.95001220703125,sell,session,2020-05-29-25fad776
2020-05-29,fill,MDT,396.3999938964844,4.0,99.0999984741211,sell,session,2020-05-29-25fad776
2020-05-29,fill,ORCL,160.8599967956543,3.0,53.619998931884766,sell,session,2020-05-29-25fad776
2020-05-29,fill,PAYX,143.74000549316406,2.0,71.87000274658203,sell,session,2020-05-29-25fad776
2020-05-29,fill,PG,696.7799835205078,6.0,116.12999725341795,sell,session,2020-05-29-25fad776
2020-05-29,fill,PYPL,150.5,1.0,150.5,sell,session,2020-05-29-25fad776
2020-05-29,fill,REGN,580.7000122070312,1.0,580.7000122070312,sell,session,2020-05-29-25fad776
2020-05-29,fill,TDY,366.4400024414063,1.0,366.4400024414063,sell,session,2020-05-29-25fad776
2020-05-29,fill,VEEV,211.1100006103516,1.0,211.1100006103516,sell,session,2020-05-29-25fad776
2020-05-29,fill,VRSK,169.1300048828125,1.0,169.1300048828125,sell,session,2020-05-29-25fad776
2020-05-29,fill,ADI,-111.30999755859376,1.0,111.30999755859376,buy,session,2020-05-29-25fad776
2020-05-29,fill,AMAT,-110.0,2.0,55.0,buy,session,2020-05-29-25fad776
2020-05-29,fill,CPAY,-246.44000244140625,1.0,246.44000244140625,buy,session,2020-05-29-25fad776
2020-05-29,fill,CSCO,-230.20000457763672,5.0,46.040000915527344,buy,session,2020-05-29-25fad776
2020-05-29,fill,INTC,-1114.2000274658203,18.0,61.900001525878906,buy,session,2020-05-29-25fad776
2020-05-29,fill,ITW,-171.75999450683594,1.0,171.75999450683594,buy,session,2020-05-29-25fad776
2020-05-29,fill,META,-1351.1999816894531,6.0,225.1999969482422,buy,session,2020-05-29-25fad776
2020-05-29,fill,MMM,-130.0167236328125,1.0,130.0167236328125,buy,session,2020-05-29-25fad776
2020-05-29,fill,MSFT,-365.4599914550781,2.0,182.72999572753903,buy,session,2020-05-29-25fad776
2020-05-29,fill,NKE,-294.57000732421875,3.0,98.19000244140624,buy,session,2020-05-29-25fad776
2020-05-29,fill,NSC,-179.77999877929688,1.0,179.77999877929688,buy,session,2020-05-29-25fad776
2020-05-29,fill,NXPI,-198.4199981689453,2.0,99.20999908447266,buy,session,2020-05-29-25fad776
2020-05-29,fill,PM,-145.89999389648438,2.0,72.94999694824219,buy,session,2020-05-29-25fad776
2020-05-29,fill,TXN,-350.42999267578125,3.0,116.80999755859376,buy,session,2020-05-29-25fad776
2020-05-29,fill,UNP,-340.3800048828125,2.0,170.19000244140625,buy,session,2020-05-29-25fad776
2020-05-29,fill,ZTS,-830.6400146484375,6.0,138.44000244140625,buy,session,2020-05-29-25fad776
2020-06-01,fill,ADSK,210.0,1.0,210.0,sell,session,2020-06-01-d7bf8aa1
2020-06-01,fill,AMAT,111.26000213623048,2.0,55.630001068115234,sell,session,2020-06-01-d7bf8aa1
2020-06-01,fill,AMCR,101.5,2.0,50.75,sell,session,2020-06-01-d7bf8aa1
2020-06-01,fill,AMGN,228.88999938964844,1.0,228.88999938964844,sell,session,2020-06-01-d7bf8aa1
2020-06-01,fill,BIIB,305.7200012207031,1.0,305.7200012207031,sell,session,2020-06-01-d7bf8aa1
2020-06-01,fill,CBOE,106.61000061035156,1.0,106.61000061035156,sell,session,2020-06-01-d7bf8aa1
2020-06-01,fill,CDNS,181.6000061035156,2.0,90.8000030517578,sell,session,2020-06-01-d7bf8aa1
2020-06-01,fill,CSCO,990.150032043457,21.0,47.150001525878906,sell,session,2020-06-01-d7bf8aa1
2020-06-01,fill,EL,199.1600036621093,1.0,199.1600036621093,sell,session,2020-06-01-d7bf8aa1
2020-06-01,fill,GILD,377.3500061035156,5.0,75.47000122070312,sell,session,2020-06-01-d7bf8aa1
2020-06-01,fill,INTC,374.9400100708008,6.0,62.4900016784668,sell,session,2020-06-01-d7bf8aa1
2020-06-01,fill,JNJ,147.2899932861328,1.0,147.2899932861328,sell,session,2020-06-01-d7bf8aa1
2020-06-01,fill,KEYS,107.93000030517578,1.0,107.93000030517578,sell,session,2020-06-01-d7bf8aa1
2020-06-01,fill,MSFT,182.5399932861328,1.0,182.5399932861328,sell,session,2020-06-01-d7bf8aa1
2020-06-01,fill,PYPL,619.5999755859375,4.0,154.89999389648438,sell,session,2020-06-01-d7bf8aa1
2020-06-01,fill,TXN,235.5399932861328,2.0,117.7699966430664,sell,session,2020-06-01-d7bf8aa1
2020-06-01,fill,VEEV,216.67999267578125,1.0,216.67999267578125,sell,session,2020-06-01-d7bf8aa1
2020-06-01,fill,VRSN,218.02999877929688,1.0,218.02999877929688,sell,session,2020-06-01-d7bf8aa1
2020-06-01,fill,ALGN,-247.33999633789065,1.0,247.33999633789065,buy,session,2020-06-01-d7bf8aa1
2020-06-01,fill,CRM,-865.5000305175781,5.0,173.10000610351562,buy,session,2020-06-01-d7bf8aa1
2020-06-01,fill,ILMN,-351.3034973144531,1.0,351.3034973144531,buy,session,2020-06-01-d7bf8aa1
2020-06-01,fill,LMT,-388.9400024414063,1.0,388.9400024414063,buy,session,2020-06-01-d7bf8aa1
2020-06-01,fill,MA,-601.5999755859375,2.0,300.79998779296875,buy,session,2020-06-01-d7bf8aa1
2020-06-01,fill,MCD,-373.4200134277344,2.0,186.7100067138672,buy,session,2020-06-01-d7bf8aa1
2020-06-01,fill,META,-898.3599853515625,4.0,224.58999633789065,buy,session,2020-06-01-d7bf8aa1
2020-06-01,fill,MMM,-130.39297485351562,1.0,130.39297485351562,buy,session,2020-06-01-d7bf8aa1
2020-06-01,fill,NEM,-176.85000228881836,3.0,58.95000076293945,buy,session,2020-06-01-d7bf8aa1
2020-06-01,fill,NKE,-196.8000030517578,2.0,98.4000015258789,buy,session,2020-06-01-d7bf8aa1
2020-06-01,fill,ORCL,-106.55999755859376,2.0,53.27999877929688,buy,session,2020-06-01-d7bf8aa1
2020-06-01,fill,PG,-464.0,4.0,116.0,buy,session,2020-06-01-d7bf8aa1
2020-06-01,fill,PM,-146.6999969482422,2.0,73.3499984741211,buy,session,2020-06-01-d7bf8aa1
2020-06-01,fill,SBUX,-77.66000366210938,1.0,77.66000366210938,buy,session,2020-06-01-d7bf8aa1
2020-06-02,fill,ADBE,1169.7600402832031,3.0,389.9200134277344,sell,session,2020-06-02-f1b05a6e
2020-06-02,fill,ADI,5650.0,50.0,113.0,sell,session,2020-06-02-f1b05a6e
2020-06-02,fill,ADSK,218.92999267578125,1.0,218.92999267578125,sell,session,2020-06-02-f1b05a6e
2020-06-02,fill,ALGN,2530.8999633789062,10.0,253.08999633789065,sell,session,2020-06-02-f1b05a6e
2020-06-02,fill,AMCR,7460.250110626221,145.0,51.45000076293945,sell,session,2020-06-02-f1b05a6e
2020-06-02,fill,AMGN,2935.400039672852,13.0,225.8000030517578,sell,session,2020-06-02-f1b05a6e
2020-06-02,fill,BIIB,300.2799987792969,1.0,300.2799987792969,sell,session,2020-06-02-f1b05a6e
2020-06-02,fill,BR,123.27999877929688,1.0,123.27999877929688,sell,session,2020-06-02-f1b05a6e
2020-06-02,fill,CHD,225.48001098632807,3.0,75.16000366210938,sell,session,2020-06-02-f1b05a6e
2020-06-02,fill,CLX,3264.320068359375,16.0,204.0200042724609,sell,session,2020-06-02-f1b05a6e
2020-06-02,fill,CME,909.7499847412108,5.0,181.9499969482422,sell,session,2020-06-02-f1b05a6e
2020-06-02,fill,CPAY,497.0,2.0,248.5,sell,session,2020-06-02-f1b05a6e
2020-06-02,fill,CPRT,654.8199977874756,29.0,22.57999992370605,sell,session,2020-06-02-f1b05a6e
2020-06-02,fill,CRM,1049.1000366210938,6.0,174.85000610351562,sell,session,2020-06-02-f1b05a6e
2020-06-02,fill,EL,200.6699981689453,1.0,200.6699981689453,sell,session,2020-06-02-f1b05a6e
2020-06-02,fill,EXPD,152.3800048828125,2.0,76.19000244140625,sell,session,2020-06-02-f1b05a6e
2020-06-02,fill,FDS,1540.050048828125,5.0,308.010009765625,sell,session,2020-06-02-f1b05a6e
2020-06-02,fill,FFIV,146.6300048828125,1.0,146.6300048828125,sell,session,2020-06-02-f1b05a6e
2020-06-02,fill,FICO,1631.199951171875,4.0,407.7999877929688,sell,session,2020-06-02-f1b05a6e
2020-06-02,fill,GILD,2305.470085144043,31.0,74.37000274658203,sell,session,2020-06-02-f1b05a6e
2020-06-02,fill,GL,242.009994506836,3.0,80.66999816894531,sell,session,2020-06-02-f1b05a6e
2020-06-02,fill,GPN,550.5,3.0,183.5,sell,session,2020-06-02-f1b05a6e
2020-06-02,fill,GRMN,181.6999969482422,2.0,90.8499984741211,sell,session,2020-06-02-f1b05a6e
2020-06-02,fill,ICE,392.1600036621094,4.0,98.04000091552734,sell,session,2020-06-02-f1b05a6e
2020-06-02,fill,IEX,158.77999877929688,1.0,158.77999877929688,sell,session,2020-06-02-f1b05a6e
2020-06-02,fill,INCY,2932.480079650879,29.0,101.12000274658205,sell,session,2020-06-02-f1b05a6e
2020-06-02,fill,INTC,2036.100025177002,33.0,61.70000076293945,sell,session,2020-06-02-f1b05a6e
2020-06-02,fill,INTU,579.9000244140625,2.0,289.95001220703125,sell,session,2020-06-02-f1b05a6e
2020-06-02,fill,ITW,517.8900146484375,3.0,172.6300048828125,sell,session,2020-06-02-f1b05a6e
2020-06-02,fill,JNJ,6470.639892578125,44.0,147.05999755859375,sell,session,2020-06-02-f1b05a6e
2020-06-02,fill,KDP,5261.400098800659,185.0,28.440000534057617,sell,session,2020-06-02-f1b05a6e
2020-06-02,fill,LITE,149.52000427246094,2.0,74.76000213623047,sell,session,2020-06-02-f1b05a6e
2020-06-02,fill,LMT,1554.56005859375,4.0,388.6400146484375,sell,session,2020-06-02-f1b05a6e
2020-06-02,fill,LUV,278.8800048828125,8.0,34.86000061035156,sell,session,2020-06-02-f1b05a6e
2020-06-02,fill,MA,1524.949951171875,5.0,304.989990234375,sell,session,2020-06-02-f1b05a6e
2020-06-02,fill,MCD,3014.39990234375,16.0,188.3999938964844,sell,session,2020-06-02-f1b05a6e
2020-06-02,fill,MCO,554.2999877929688,2.0,277.1499938964844,sell,session,2020-06-02-f1b05a6e
2020-06-02,fill,MDT,17884.799438476562,184.0,97.1999969482422,sell,session,2020-06-02-f1b05a6e
2020-06-02,fill,META,5080.6800537109375,22.0,230.94000244140625,sell,session,2020-06-02-f1b05a6e
2020-06-02,fill,MMM,10222.826202392578,78.0,131.06187438964844,sell,session,2020-06-02-f1b05a6e
2020-06-02,fill,MSCI,672.47998046875,2.0,336.239990234375,sell,session,2020-06-02-f1b05a6e
2020-06-02,fill,NEM,1157.1000289916992,19.0,60.900001525878906,sell,session,2020-06-02-f1b05a6e
2020-06-02,fill,NKE,298.25999450683594,3.0,99.41999816894533,sell,session,2020-06-02-f1b05a6e
2020-06-02,fill,NSC,541.0500183105469,3.0,180.3500061035156,sell,session,2020-06-02-f1b05a6e
2020-06-02,fill,NTAP,1286.099967956543,30.0,42.869998931884766,sell,session,2020-06-02-f1b05a6e
2020-06-02,fill,NWSA,854.91002368927,69.0,12.390000343322754,sell,session,2020-06-02-f1b05a6e
2020-06-02,fill,NXPI,601.1999816894531,6.0,100.1999969482422,sell,session,2020-06-02-f1b05a6e
2020-06-02,fill,ORCL,2129.600067138672,40.0,53.2400016784668,sell,session,2020-06-02-f1b05a6e
2020-06-02,fill,PAYX,216.3899917602539,3.0,72.12999725341797,sell,session,2020-06-02-f1b05a6e
2020-06-02,fill,PG,5970.569984436035,51.0,117.06999969482422,sell,session,2020-06-02-f1b05a6e
2020-06-02,fill,PGR,864.2699966430664,11.0,78.56999969482422,sell,session,2020-06-02-f1b05a6e
2020-06-02,fill,PM,2304.230056762696,31.0,74.33000183105469,sell,session,2020-06-02-f1b05a6e
2020-06-02,fill,RMD,161.0,1.0,161.0,sell,session,2020-06-02-f1b05a6e
2020-06-02,fill,ROL,169.7599983215332,6.0,28.293333053588867,sell,session,2020-06-02-f1b05a6e
2020-06-02,fill,ROP,5065.839904785156,13.0,389.6799926757813,sell,session,2020-06-02-f1b05a6e
2020-06-02,fill,SBUX,1247.52001953125,16.0,77.97000122070312,sell,session,2020-06-02-f1b05a6e
2020-06-02,fill,SPGI,308.249755859375,1.0,308.249755859375,sell,session,2020-06-02-f1b05a6e
2020-06-02,fill,SWKS,119.61000061035156,1.0,119.61000061035156,sell,session,2020-06-02-f1b05a6e
2020-06-02,fill,TDY,1456.0400390625,4.0,364.010009765625,sell,session,2020-06-02-f1b05a6e
2020-06-02,fill,TROW,245.5200042724609,2.0,122.76000213623048,sell,session,2020-06-02-f1b05a6e
2020-06-02,fill,TXN,1423.1999816894531,12.0,118.5999984741211,sell,session,2020-06-02-f1b05a6e
2020-06-02,fill,UNP,683.0,4.0,170.75,sell,session,2020-06-02-f1b05a6e
2020-06-02,fill,VRSN,220.9100036621093,1.0,220.9100036621093,sell,session,2020-06-02-f1b05a6e
2020-06-02,fill,ZTS,416.009994506836,3.0,138.6699981689453,sell,session,2020-06-02-f1b05a6e
2020-06-02,fill,AKAM,-2123.000030517578,20.0,106.1500015258789,buy,session,2020-06-02-f1b05a6e
2020-06-02,fill,AME,-2585.7999572753906,28.0,92.3499984741211,buy,session,2020-06-02-f1b05a6e
2020-06-02,fill,CL,-7628.250160217285,105.0,72.6500015258789,buy,session,2020-06-02-f1b05a6e
2020-06-02,fill,COP,-5634.56005859375,128.0,44.02000045776367,buy,session,2020-06-02-f1b05a6e
2020-06-02,fill,CSCO,-696.0000228881836,15.0,46.400001525878906,buy,session,2020-06-02-f1b05a6e
2020-06-02,fill,DG,-5936.809829711914,31.0,191.509994506836,buy,session,2020-06-02-f1b05a6e
2020-06-02,fill,EQT,-426.0299949645996,33.0,12.90999984741211,buy,session,2020-06-02-f1b05a6e
2020-06-02,fill,FIS,-10741.5,77.0,139.5,buy,session,2020-06-02-f1b05a6e
2020-06-02,fill,GEN,-1630.2000579833984,76.0,21.450000762939453,buy,session,2020-06-02-f1b05a6e
2020-06-02,fill,HD,-33067.79064941406,133.0,248.6300048828125,buy,session,2020-06-02-f1b05a6e
2020-06-02,fill,LHX,-5297.130065917969,27.0,196.19000244140625,buy,session,2020-06-02-f1b05a6e
2020-06-02,fill,LOW,-12329.04034423828,94.0,131.16000366210938,buy,session,2020-06-02-f1b05a6e
2020-06-02,fill,MNST,-1161.9200439453125,64.0,18.155000686645508,buy,session,2020-06-02-f1b05a6e
2020-06-02,fill,MSFT,-368.5,2.0,184.25,buy,session,2020-06-02-f1b05a6e
2020-06-02,fill,MSI,-2784.4000244140625,20.0,139.22000122070312,buy,session,2020-06-02-f1b05a6e
2020-06-02,fill,ODFL,-1267.5,15.0,84.5,buy,session,2020-06-02-f1b05a6e
2020-06-02,fill,PFE,-25046.29123687744,743.0,33.709678649902344,buy,session,2020-06-02-f1b05a6e
2020-06-02,fill,PYPL,-2184.0,14.0,156.0,buy,session,2020-06-02-f1b05a6e
2020-06-03,purification_post,,-0.1463039014373716,,,ex-date impure dividend,session,
2020-06-03,fill,CSCO,187.9199981689453,4.0,46.97999954223633,sell,session,2020-06-03-f0362337
2020-06-03,fill,EXPE,172.36000061035156,2.0,86.18000030517578,sell,session,2020-06-03-f0362337
2020-06-03,fill,HD,503.6000061035156,2.0,251.8000030517578,sell,session,2020-06-03-f0362337
2020-06-03,fill,IVZ,112.44999504089355,13.0,8.649999618530273,sell,session,2020-06-03-f0362337
2020-06-03,fill,JKHY,182.3800048828125,1.0,182.3800048828125,sell,session,2020-06-03-f0362337
2020-06-03,fill,LOW,265.0,2.0,132.5,sell,session,2020-06-03-f0362337
2020-06-03,fill,MSFT,369.6400146484375,2.0,184.82000732421875,sell,session,2020-06-03-f0362337
2020-06-03,fill,NKE,101.26000213623048,1.0,101.26000213623048,sell,session,2020-06-03-f0362337
2020-06-03,fill,PFE,344.3074035644531,10.0,34.43074035644531,sell,session,2020-06-03-f0362337
2020-06-03,fill,PYPL,157.49000549316406,1.0,157.49000549316406,sell,session,2020-06-03-f0362337
2020-06-03,fill,TPR,104.51000213623048,7.0,14.93000030517578,sell,session,2020-06-03-f0362337
2020-06-03,fill,TXN,506.6799926757813,4.0,126.66999816894533,sell,session,2020-06-03-f0362337
2020-06-03,fill,UNP,173.63999938964844,1.0,173.63999938964844,sell,session,2020-06-03-f0362337
2020-06-03,fill,ZTS,141.64999389648438,1.0,141.64999389648438,sell,session,2020-06-03-f0362337
2020-06-03,fill,AMGN,-446.9800109863281,2.0,223.4900054931641,buy,session,2020-06-03-f0362337
2020-06-03,fill,CME,-180.3800048828125,1.0,180.3800048828125,buy,session,2020-06-03-f0362337
2020-06-03,fill,CRM,-349.6600036621094,2.0,174.8300018310547,buy,session,2020-06-03-f0362337
2020-06-03,fill,GILD,-371.8999862670898,5.0,74.37999725341797,buy,session,2020-06-03-f0362337
2020-06-03,fill,GPN,-182.47000122070312,1.0,182.47000122070312,buy,session,2020-06-03-f0362337
2020-06-03,fill,INTU,-288.5599975585937,1.0,288.5599975585937,buy,session,2020-06-03-f0362337
2020-06-03,fill,META,-232.1100006103516,1.0,232.1100006103516,buy,session,2020-06-03-f0362337
2020-06-03,fill,NEM,-227.5599975585937,4.0,56.88999938964844,buy,session,2020-06-03-f0362337
2020-06-03,fill,PM,-148.89999389648438,2.0,74.44999694824219,buy,session,2020-06-03-f0362337
2020-06-03,fill,VEEV,-217.0500030517578,1.0,217.0500030517578,buy,session,2020-06-03-f0362337
2020-06-04,fill,ADSK,225.0,1.0,225.0,sell,session,2020-06-04-2763a8a7
2020-06-04,fill,AMAT,114.31999969482422,2.0,57.15999984741211,sell,session,2020-06-04-2763a8a7
2020-06-04,fill,CME,185.7700042724609,1.0,185.7700042724609,sell,session,2020-06-04-2763a8a7
2020-06-04,fill,COP,134.04000091552734,3.0,44.68000030517578,sell,session,2020-06-04-2763a8a7
2020-06-04,fill,DRI,170.6999969482422,2.0,85.3499984741211,sell,session,2020-06-04-2763a8a7
2020-06-04,fill,GILD,148.24000549316406,2.0,74.12000274658203,sell,session,2020-06-04-2763a8a7
2020-06-04,fill,GPN,374.8399963378906,2.0,187.4199981689453,sell,session,2020-06-04-2763a8a7
2020-06-04,fill,INTU,286.92999267578125,1.0,286.92999267578125,sell,session,2020-06-04-2763a8a7
2020-06-04,fill,ITW,176.52000427246094,1.0,176.52000427246094,sell,session,2020-06-04-2763a8a7
2020-06-04,fill,LMT,401.7799987792969,1.0,401.7799987792969,sell,session,2020-06-04-2763a8a7
2020-06-04,fill,LUV,113.37000274658205,3.0,37.790000915527344,sell,session,2020-06-04-2763a8a7
2020-06-04,fill,MA,305.44000244140625,1.0,305.44000244140625,sell,session,2020-06-04-2763a8a7
2020-06-04,fill,MCD,384.6400146484375,2.0,192.32000732421875,sell,session,2020-06-04-2763a8a7
2020-06-04,fill,MSI,146.64999389648438,1.0,146.64999389648438,sell,session,2020-06-04-2763a8a7
2020-06-04,fill,NKE,518.3000183105469,5.0,103.66000366210938,sell,session,2020-06-04-2763a8a7
2020-06-04,fill,NSC,190.4900054931641,1.0,190.4900054931641,sell,session,2020-06-04-2763a8a7
2020-06-04,fill,NXPI,215.5,2.0,107.75,sell,session,2020-06-04-2763a8a7
2020-06-04,fill,PH,194.38999938964844,1.0,194.38999938964844,sell,session,2020-06-04-2763a8a7
2020-06-04,fill,SWKS,126.16000366210938,1.0,126.16000366210938,sell,session,2020-06-04-2763a8a7
2020-06-04,fill,TROW,126.29000091552734,1.0,126.29000091552734,sell,session,2020-06-04-2763a8a7
2020-06-04,fill,TXN,379.1399917602539,3.0,126.37999725341795,sell,session,2020-06-04-2763a8a7
2020-06-04,fill,UNP,352.760009765625,2.0,176.3800048828125,sell,session,2020-06-04-2763a8a7
2020-06-04,fill,ADBE,-389.5,1.0,389.5,buy,session,2020-06-04-2763a8a7
2020-06-04,fill,AKAM,-102.20999908447266,1.0,102.20999908447266,buy,session,2020-06-04-2763a8a7
2020-06-04,fill,AMGN,-220.7700042724609,1.0,220.7700042724609,buy,session,2020-06-04-2763a8a7
2020-06-04,fill,CL,-214.259994506836,3.0,71.41999816894531,buy,session,2020-06-04-2763a8a7
2020-06-04,fill,CSCO,-140.31000137329102,3.0,46.77000045776367,buy,session,2020-06-04-2763a8a7
2020-06-04,fill,DG,-189.75,1.0,189.75,buy,session,2020-06-04-2763a8a7
2020-06-04,fill,GEN,-103.90000343322754,5.0,20.780000686645508,buy,session,2020-06-04-2763a8a7
2020-06-04,fill,HD,-499.5400085449219,2.0,249.7700042724609,buy,session,2020-06-04-2763a8a7
2020-06-04,fill,ILMN,-345.61285400390625,1.0,345.61285400390625,buy,session,2020-06-04-2763a8a7
2020-06-04,fill,INTC,-370.4400100708008,6.0,61.7400016784668,buy,session,2020-06-04-2763a8a7
2020-06-04,fill,ISRG,-191.32666015625,1.0,191.32666015625,buy,session,2020-06-04-2763a8a7
2020-06-04,fill,JKHY,-176.22999572753906,1.0,176.22999572753906,buy,session,2020-06-04-2763a8a7
2020-06-04,fill,JNJ,-146.8000030517578,1.0,146.8000030517578,buy,session,2020-06-04-2763a8a7
2020-06-04,fill,META,-1377.3599853515625,6.0,229.5599975585937,buy,session,2020-06-04-2763a8a7
2020-06-04,fill,MSCI,-314.8099975585937,1.0,314.8099975585937,buy,session,2020-06-04-2763a8a7
2020-06-04,fill,MSFT,-368.6000061035156,2.0,184.3000030517578,buy,session,2020-06-04-2763a8a7
2020-06-04,fill,NEM,-285.0,5.0,57.0,buy,session,2020-06-04-2763a8a7
2020-06-04,fill,ORCL,-106.45999908447266,2.0,53.22999954223633,buy,session,2020-06-04-2763a8a7
2020-06-04,fill,PFE,-169.40227508544922,5.0,33.880455017089844,buy,session,2020-06-04-2763a8a7
2020-06-04,fill,PG,-118.0,1.0,118.0,buy,session,2020-06-04-2763a8a7
2020-06-04,fill,PYPL,-156.6999969482422,1.0,156.6999969482422,buy,session,2020-06-04-2763a8a7
2020-06-05,fill,AMAT,119.41999816894533,2.0,59.709999084472656,sell,session,2020-06-05-fe0f63c4
2020-06-05,fill,AMGN,219.6999969482422,1.0,219.6999969482422,sell,session,2020-06-05-fe0f63c4
2020-06-05,fill,CSCO,189.0800018310547,4.0,47.27000045776367,sell,session,2020-06-05-fe0f63c4
2020-06-05,fill,GILD,614.0,8.0,76.75,sell,session,2020-06-05-fe0f63c4
2020-06-05,fill,HD,252.33999633789065,1.0,252.33999633789065,sell,session,2020-06-05-fe0f63c4
2020-06-05,fill,ILMN,347.45135498046875,1.0,347.45135498046875,sell,session,2020-06-05-fe0f63c4
2020-06-05,fill,INTC,887.0400085449219,14.0,63.36000061035156,sell,session,2020-06-05-fe0f63c4
2020-06-05,fill,LUV,167.9199981689453,4.0,41.97999954223633,sell,session,2020-06-05-fe0f63c4
2020-06-05,fill,MCD,198.0,1.0,198.0,sell,session,2020-06-05-fe0f63c4
2020-06-05,fill,NSC,200.0,1.0,200.0,sell,session,2020-06-05-fe0f63c4
2020-06-05,fill,NXPI,115.93000030517578,1.0,115.93000030517578,sell,session,2020-06-05-fe0f63c4
2020-06-05,fill,PFE,137.533203125,4.0,34.38330078125,sell,session,2020-06-05-fe0f63c4
2020-06-05,fill,PM,382.5,5.0,76.5,sell,session,2020-06-05-fe0f63c4
2020-06-05,fill,TXN,392.8800201416016,3.0,130.9600067138672,sell,session,2020-06-05-fe0f63c4
2020-06-05,fill,CRM,-170.11000061035156,1.0,170.11000061035156,buy,session,2020-06-05-fe0f63c4
2020-06-05,fill,FFIV,-144.11000061035156,1.0,144.11000061035156,buy,session,2020-06-05-fe0f63c4
2020-06-05,fill,FIS,-277.0199890136719,2.0,138.50999450683594,buy,session,2020-06-05-fe0f63c4
2020-06-05,fill,GPN,-187.75,1.0,187.75,buy,session,2020-06-05-fe0f63c4
2020-06-05,fill,ICE,-192.0,2.0,96.0,buy,session,2020-06-05-fe0f63c4
2020-06-05,fill,INTU,-280.7699890136719,1.0,280.7699890136719,buy,session,2020-06-05-fe0f63c4
2020-06-05,fill,JNJ,-147.69000244140625,1.0,147.69000244140625,buy,session,2020-06-05-fe0f63c4
2020-06-05,fill,KEYS,-103.62999725341795,1.0,103.62999725341795,buy,session,2020-06-05-fe0f63c4
2020-06-05,fill,LOW,-260.4599914550781,2.0,130.22999572753906,buy,session,2020-06-05-fe0f63c4
2020-06-05,fill,MA,-306.8099975585937,1.0,306.8099975585937,buy,session,2020-06-05-fe0f63c4
2020-06-05,fill,META,-680.1300201416016,3.0,226.7100067138672,buy,session,2020-06-05-fe0f63c4
2020-06-05,fill,MSFT,-182.6199951171875,1.0,182.6199951171875,buy,session,2020-06-05-fe0f63c4
2020-06-05,fill,NKE,-312.0,3.0,104.0,buy,session,2020-06-05-fe0f63c4
2020-06-05,fill,PG,-348.75,3.0,116.25,buy,session,2020-06-05-fe0f63c4
2020-06-05,fill,PYPL,-152.97999572753906,1.0,152.97999572753906,buy,session,2020-06-05-fe0f63c4
2020-06-05,fill,VEEV,-203.3500061035156,1.0,203.3500061035156,buy,session,2020-06-05-fe0f63c4
2020-06-05,fill,VRSK,-165.6699981689453,1.0,165.6699981689453,buy,session,2020-06-05-fe0f63c4
2020-06-08,fill,CME,192.3000030517578,1.0,192.3000030517578,sell,session,2020-06-08-487a7d3d
2020-06-08,fill,COP,401.6799926757813,8.0,50.209999084472656,sell,session,2020-06-08-487a7d3d
2020-06-08,fill,CPAY,282.45001220703125,1.0,282.45001220703125,sell,session,2020-06-08-487a7d3d
2020-06-08,fill,FIS,427.259994506836,3.0,142.4199981689453,sell,session,2020-06-08-487a7d3d
2020-06-08,fill,ISRG,196.86666870117188,1.0,196.86666870117188,sell,session,2020-06-08-487a7d3d
2020-06-08,fill,ITW,182.0,1.0,182.0,sell,session,2020-06-08-487a7d3d
2020-06-08,fill,KEYS,105.5199966430664,1.0,105.5199966430664,sell,session,2020-06-08-487a7d3d
2020-06-08,fill,LHX,206.7400054931641,1.0,206.7400054931641,sell,session,2020-06-08-487a7d3d
2020-06-08,fill,MA,622.1199951171875,2.0,311.0599975585937,sell,session,2020-06-08-487a7d3d
2020-06-08,fill,MSCI,325.70001220703125,1.0,325.70001220703125,sell,session,2020-06-08-487a7d3d
2020-06-08,fill,MSFT,371.8800048828125,2.0,185.94000244140625,sell,session,2020-06-08-487a7d3d
2020-06-08,fill,PAYX,240.3300018310547,3.0,80.11000061035156,sell,session,2020-06-08-487a7d3d
2020-06-08,fill,SBUX,332.32000732421875,4.0,83.08000183105469,sell,session,2020-06-08-487a7d3d
2020-06-08,fill,SWKS,137.0500030517578,1.0,137.0500030517578,sell,session,2020-06-08-487a7d3d
2020-06-08,fill,UNP,551.8800201416016,3.0,183.9600067138672,sell,session,2020-06-08-487a7d3d
2020-06-08,fill,CRM,-173.6300048828125,1.0,173.6300048828125,buy,session,2020-06-08-487a7d3d
2020-06-08,fill,DG,-183.6600036621093,1.0,183.6600036621093,buy,session,2020-06-08-487a7d3d
2020-06-08,fill,GILD,-396.50001525878906,5.0,79.30000305175781,buy,session,2020-06-08-487a7d3d
2020-06-08,fill,ILMN,-341.3813171386719,1.0,341.3813171386719,buy,session,2020-06-08-487a7d3d
2020-06-08,fill,JNJ,-729.4000244140625,5.0,145.8800048828125,buy,session,2020-06-08-487a7d3d
2020-06-08,fill,MCO,-276.17999267578125,1.0,276.17999267578125,buy,session,2020-06-08-487a7d3d
2020-06-08,fill,NEM,-217.5599975585937,4.0,54.38999938964844,buy,session,2020-06-08-487a7d3d
2020-06-08,fill,NKE,-103.0500030517578,1.0,103.0500030517578,buy,session,2020-06-08-487a7d3d
2020-06-08,fill,NSC,-194.4199981689453,1.0,194.4199981689453,buy,session,2020-06-08-487a7d3d
2020-06-08,fill,PFE,-509.4876480102539,15.0,33.965843200683594,buy,session,2020-06-08-487a7d3d
2020-06-08,fill,PM,-150.9199981689453,2.0,75.45999908447266,buy,session,2020-06-08-487a7d3d
2020-06-08,fill,PYPL,-308.5599975585937,2.0,154.27999877929688,buy,session,2020-06-08-487a7d3d
2020-06-08,fill,REGN,-587.8800048828125,1.0,587.8800048828125,buy,session,2020-06-08-487a7d3d
2020-06-08,fill,VRSN,-208.1199951171875,1.0,208.1199951171875,buy,session,2020-06-08-487a7d3d
2020-06-08,fill,VRTX,-264.04998779296875,1.0,264.04998779296875,buy,session,2020-06-08-487a7d3d
2020-06-09,fill,ADBE,397.0299987792969,1.0,397.0299987792969,sell,session,2020-06-09-88d6319f
2020-06-09,fill,COP,144.75,3.0,48.25,sell,session,2020-06-09-88d6319f
2020-06-09,fill,CRM,176.0,1.0,176.0,sell,session,2020-06-09-88d6319f
2020-06-09,fill,EQT,116.90000534057616,7.0,16.700000762939453,sell,session,2020-06-09-88d6319f
2020-06-09,fill,IVZ,140.92000198364258,13.0,10.84000015258789,sell,session,2020-06-09-88d6319f
2020-06-09,fill,LMT,410.5299987792969,1.0,410.5299987792969,sell,session,2020-06-09-88d6319f
2020-06-09,fill,MCD,400.739990234375,2.0,200.3699951171875,sell,session,2020-06-09-88d6319f
2020-06-09,fill,MCO,277.0,1.0,277.0,sell,session,2020-06-09-88d6319f
2020-06-09,fill,MSI,157.00999450683594,1.0,157.00999450683594,sell,session,2020-06-09-88d6319f
2020-06-09,fill,NKE,205.63999938964844,2.0,102.81999969482422,sell,session,2020-06-09-88d6319f
2020-06-09,fill,ORCL,330.0,6.0,55.0,sell,session,2020-06-09-88d6319f
2020-06-09,fill,PFE,277.03985595703125,8.0,34.629981994628906,sell,session,2020-06-09-88d6319f
2020-06-09,fill,PM,231.20999908447263,3.0,77.06999969482422,sell,session,2020-06-09-88d6319f
2020-06-09,fill,SBUX,165.24000549316406,2.0,82.62000274658203,sell,session,2020-06-09-88d6319f
2020-06-09,fill,TPR,103.79999542236328,6.0,17.299999237060547,sell,session,2020-06-09-88d6319f
2020-06-09,fill,TROW,128.08999633789062,1.0,128.08999633789062,sell,session,2020-06-09-88d6319f
2020-06-09,fill,VEEV,220.0,1.0,220.0,sell,session,2020-06-09-88d6319f
2020-06-09,fill,AMGN,-226.0,1.0,226.0,buy,session,2020-06-09-88d6319f
2020-06-09,fill,FIS,-142.00999450683594,1.0,142.00999450683594,buy,session,2020-06-09-88d6319f
2020-06-09,fill,INTC,-440.9300117492676,7.0,62.9900016784668,buy,session,2020-06-09-88d6319f
2020-06-09,fill,ITW,-177.83999633789062,1.0,177.83999633789062,buy,session,2020-06-09-88d6319f
2020-06-09,fill,JNJ,-444.75,3.0,148.25,buy,session,2020-06-09-88d6319f
2020-06-09,fill,KEYS,-102.72000122070312,1.0,102.72000122070312,buy,session,2020-06-09-88d6319f
2020-06-09,fill,LOW,-129.55999755859375,1.0,129.55999755859375,buy,session,2020-06-09-88d6319f
2020-06-09,fill,MA,-619.5599975585938,2.0,309.7799987792969,buy,session,2020-06-09-88d6319f
2020-06-09,fill,META,-231.5200042724609,1.0,231.5200042724609,buy,session,2020-06-09-88d6319f
2020-06-09,fill,MSCI,-329.3599853515625,1.0,329.3599853515625,buy,session,2020-06-09-88d6319f
2020-06-09,fill,SWKS,-133.60000610351562,1.0,133.60000610351562,buy,session,2020-06-09-88d6319f
2020-06-09,fill,UNP,-356.1199951171875,2.0,178.05999755859375,buy,session,2020-06-09-88d6319f
2020-06-09,fill,VRTX,-534.5599975585938,2.0,267.2799987792969,buy,session,2020-06-09-88d6319f
2020-06-10,fill,HD,257.45001220703125,1.0,257.45001220703125,sell,session,2020-06-10-db033cfc
2020-06-10,fill,MA,312.3900146484375,1.0,312.3900146484375,sell,session,2020-06-10-db033cfc
2020-06-10,fill,META,2891.5200805664062,12.0,240.9600067138672,sell,session,2020-06-10-db033cfc
2020-06-10,fill,MSFT,955.6500244140624,5.0,191.1300048828125,sell,session,2020-06-10-db033cfc
2020-06-10,fill,NEM,291.25,5.0,58.25,sell,session,2020-06-10-db033cfc
2020-06-10,fill,PYPL,157.60000610351562,1.0,157.60000610351562,sell,session,2020-06-10-db033cfc
2020-06-10,fill,BIIB,-296.0799865722656,1.0,296.0799865722656,buy,session,2020-06-10-db033cfc
2020-06-10,fill,COP,-144.12000274658203,3.0,48.040000915527344,buy,session,2020-06-10-db033cfc
2020-06-10,fill,CRM,-176.25,1.0,176.25,buy,session,2020-06-10-db033cfc
2020-06-10,fill,EL,-201.5,1.0,201.5,buy,session,2020-06-10-db033cfc
2020-06-10,fill,INTC,-251.1600036621093,4.0,62.790000915527344,buy,session,2020-06-10-db033cfc
2020-06-10,fill,ISRG,-191.4566650390625,1.0,191.4566650390625,buy,session,2020-06-10-db033cfc
2020-06-10,fill,ITW,-177.99000549316406,1.0,177.99000549316406,buy,session,2020-06-10-db033cfc
2020-06-10,fill,JNJ,-146.60000610351562,1.0,146.60000610351562,buy,session,2020-06-10-db033cfc
2020-06-10,fill,LMT,-406.5,1.0,406.5,buy,session,2020-06-10-db033cfc
2020-06-10,fill,LOW,-130.30999755859375,1.0,130.30999755859375,buy,session,2020-06-10-db033cfc
2020-06-10,fill,MCD,-398.260009765625,2.0,199.1300048828125,buy,session,2020-06-10-db033cfc
2020-06-10,fill,MCO,-276.7300109863281,1.0,276.7300109863281,buy,session,2020-06-10-db033cfc
2020-06-10,fill,MSI,-151.58999633789062,1.0,151.58999633789062,buy,session,2020-06-10-db033cfc
2020-06-10,fill,NKE,-309.0,3.0,103.0,buy,session,2020-06-10-db033cfc
2020-06-10,fill,ORCL,-327.0,6.0,54.5,buy,session,2020-06-10-db033cfc
2020-06-10,fill,PFE,-172.48577117919922,5.0,34.497154235839844,buy,session,2020-06-10-db033cfc
2020-06-10,fill,PG,-119.0,1.0,119.0,buy,session,2020-06-10-db033cfc
2020-06-10,fill,PM,-304.5199890136719,4.0,76.12999725341797,buy,session,2020-06-10-db033cfc
2020-06-10,fill,SBUX,-159.75999450683594,2.0,79.87999725341797,buy,session,2020-06-10-db033cfc
2020-06-10,fill,TROW,-128.47999572753906,1.0,128.47999572753906,buy,session,2020-06-10-db033cfc
2020-06-10,fill,UNP,-355.70001220703125,2.0,177.85000610351562,buy,session,2020-06-10-db033cfc
2020-06-11,purification_post,,-0.1895589461687019,,,ex-date impure dividend,session,
2020-06-11,fill,ADBE,400.0,1.0,400.0,sell,session,2020-06-11-40d15ccd
2020-06-11,fill,AMGN,228.0599975585937,1.0,228.0599975585937,sell,session,2020-06-11-40d15ccd
2020-06-11,fill,CL,147.6999969482422,2.0,73.8499984741211,sell,session,2020-06-11-40d15ccd
2020-06-11,fill,CRM,706.5599975585938,4.0,176.63999938964844,sell,session,2020-06-11-40d15ccd
2020-06-11,fill,DG,190.1999969482422,1.0,190.1999969482422,sell,session,2020-06-11-40d15ccd
2020-06-11,fill,INTC,315.3499984741211,5.0,63.06999969482422,sell,session,2020-06-11-40d15ccd
2020-06-11,fill,INTU,293.8999938964844,1.0,293.8999938964844,sell,session,2020-06-11-40d15ccd
2020-06-11,fill,JNJ,297.1600036621094,2.0,148.5800018310547,sell,session,2020-06-11-40d15ccd
2020-06-11,fill,MSFT,2896.9500732421875,15.0,193.1300048828125,sell,session,2020-06-11-40d15ccd
2020-06-11,fill,NEM,118.3000030517578,2.0,59.150001525878906,sell,session,2020-06-11-40d15ccd
2020-06-11,fill,PG,118.80999755859376,1.0,118.80999755859376,sell,session,2020-06-11-40d15ccd
2020-06-11,fill,PYPL,316.67999267578125,2.0,158.33999633789062,sell,session,2020-06-11-40d15ccd
2020-06-11,fill,VEEV,224.4100036621093,1.0,224.4100036621093,sell,session,2020-06-11-40d15ccd
2020-06-11,fill,VRTX,275.5599975585937,1.0,275.5599975585937,sell,session,2020-06-11-40d15ccd
2020-06-11,fill,CBOE,-101.27999877929688,1.0,101.27999877929688,buy,session,2020-06-11-40d15ccd
2020-06-11,fill,CME,-185.6100006103516,1.0,185.6100006103516,buy,session,2020-06-11-40d15ccd
2020-06-11,fill,COP,-336.6400146484375,8.0,42.08000183105469,buy,session,2020-06-11-40d15ccd
2020-06-11,fill,CSCO,-375.9200134277344,8.0,46.9900016784668,buy,session,2020-06-11-40d15ccd
2020-06-11,fill,FIS,-138.16000366210938,1.0,138.16000366210938,buy,session,2020-06-11-40d15ccd
2020-06-11,fill,HD,-497.7200012207031,2.0,248.8600006103516,buy,session,2020-06-11-40d15ccd
2020-06-11,fill,IEX,-156.14999389648438,1.0,156.14999389648438,buy,session,2020-06-11-40d15ccd
2020-06-11,fill,ITW,-170.13999938964844,1.0,170.13999938964844,buy,session,2020-06-11-40d15ccd
2020-06-11,fill,LUV,-98.81999588012695,3.0,32.939998626708984,buy,session,2020-06-11-40d15ccd
2020-06-11,fill,MCD,-381.7999877929688,2.0,190.8999938964844,buy,session,2020-06-11-40d15ccd
2020-06-11,fill,META,-919.760009765625,4.0,229.94000244140625,buy,session,2020-06-11-40d15ccd
2020-06-11,fill,MSI,-143.88999938964844,1.0,143.88999938964844,buy,session,2020-06-11-40d15ccd
2020-06-11,fill,NKE,-196.759994506836,2.0,98.37999725341795,buy,session,2020-06-11-40d15ccd
2020-06-11,fill,NSC,-182.259994506836,1.0,182.259994506836,buy,session,2020-06-11-40d15ccd
2020-06-11,fill,NXPI,-105.55999755859376,1.0,105.55999755859376,buy,session,2020-06-11-40d15ccd
2020-06-11,fill,ORCL,-106.5,2.0,53.25,buy,session,2020-06-11-40d15ccd
2020-06-11,fill,PFE,-337.76092529296875,10.0,33.776092529296875,buy,session,2020-06-11-40d15ccd
2020-06-11,fill,PH,-178.72999572753906,1.0,178.72999572753906,buy,session,2020-06-11-40d15ccd
2020-06-11,fill,PM,-222.45000457763672,3.0,74.1500015258789,buy,session,2020-06-11-40d15ccd
2020-06-11,fill,SBUX,-530.25,7.0,75.75,buy,session,2020-06-11-40d15ccd
2020-06-11,fill,TXN,-129.0500030517578,1.0,129.0500030517578,buy,session,2020-06-11-40d15ccd
2020-06-11,fill,UNP,-170.0,1.0,170.0,buy,session,2020-06-11-40d15ccd
2020-06-11,fill,ZTS,-275.3399963378906,2.0,137.6699981689453,buy,session,2020-06-11-40d15ccd
2020-06-12,fill,AKAM,102.04000091552734,1.0,102.04000091552734,sell,session,2020-06-12-5e273330
2020-06-12,fill,AMGN,221.1000061035156,1.0,221.1000061035156,sell,session,2020-06-12-5e273330
2020-06-12,fill,BIIB,286.0599975585937,1.0,286.0599975585937,sell,session,2020-06-12-5e273330
2020-06-12,fill,CL,367.9499816894531,5.0,73.58999633789062,sell,session,2020-06-12-5e273330
2020-06-12,fill,DG,190.25,1.0,190.25,sell,session,2020-06-12-5e273330
2020-06-12,fill,FIS,137.3300018310547,1.0,137.3300018310547,sell,session,2020-06-12-5e273330
2020-06-12,fill,ITW,170.2100067138672,1.0,170.2100067138672,sell,session,2020-06-12-5e273330
2020-06-12,fill,JNJ,428.5199890136719,3.0,142.83999633789062,sell,session,2020-06-12-5e273330
2020-06-12,fill,LOW,126.76000213623048,1.0,126.76000213623048,sell,session,2020-06-12-5e273330
2020-06-12,fill,MCD,383.3399963378906,2.0,191.6699981689453,sell,session,2020-06-12-5e273330
2020-06-12,fill,META,229.8999938964844,1.0,229.8999938964844,sell,session,2020-06-12-5e273330
2020-06-12,fill,PG,1049.3099670410156,9.0,116.58999633789062,sell,session,2020-06-12-5e273330
2020-06-12,fill,PYPL,314.1199951171875,2.0,157.05999755859375,sell,session,2020-06-12-5e273330
2020-06-12,fill,REGN,616.010009765625,1.0,616.010009765625,sell,session,2020-06-12-5e273330
2020-06-12,fill,RMD,162.9199981689453,1.0,162.9199981689453,sell,session,2020-06-12-5e273330
2020-06-12,fill,AMAT,-115.0199966430664,2.0,57.5099983215332,buy,session,2020-06-12-5e273330
2020-06-12,fill,CME,-177.72999572753906,1.0,177.72999572753906,buy,session,2020-06-12-5e273330
2020-06-12,fill,COP,-181.2400054931641,4.0,45.310001373291016,buy,session,2020-06-12-5e273330
2020-06-12,fill,CPAY,-264.6400146484375,1.0,264.6400146484375,buy,session,2020-06-12-5e273330
2020-06-12,fill,CSCO,-629.4399871826172,14.0,44.959999084472656,buy,session,2020-06-12-5e273330
2020-06-12,fill,DRI,-152.47999572753906,2.0,76.23999786376953,buy,session,2020-06-12-5e273330
2020-06-12,fill,GPN,-181.63999938964844,1.0,181.63999938964844,buy,session,2020-06-12-5e273330
2020-06-12,fill,HD,-243.07000732421875,1.0,243.07000732421875,buy,session,2020-06-12-5e273330
2020-06-12,fill,INTC,-360.6600036621094,6.0,60.11000061035156,buy,session,2020-06-12-5e273330
2020-06-12,fill,INTU,-283.9100036621094,1.0,283.9100036621094,buy,session,2020-06-12-5e273330
2020-06-12,fill,LUV,-144.24000549316406,4.0,36.060001373291016,buy,session,2020-06-12-5e273330
2020-06-12,fill,MA,-597.5800170898438,2.0,298.7900085449219,buy,session,2020-06-12-5e273330
2020-06-12,fill,NKE,-293.40000915527344,3.0,97.8000030517578,buy,session,2020-06-12-5e273330
2020-06-12,fill,PAYX,-148.4600067138672,2.0,74.2300033569336,buy,session,2020-06-12-5e273330
2020-06-12,fill,PFE,-485.0094795227051,15.0,32.33396530151367,buy,session,2020-06-12-5e273330
2020-06-12,fill,SBUX,-300.0,4.0,75.0,buy,session,2020-06-12-5e273330
2020-06-12,fill,SPGI,-297.4550476074219,1.0,297.4550476074219,buy,session,2020-06-12-5e273330
2020-06-12,fill,TROW,-122.25,1.0,122.25,buy,session,2020-06-12-5e273330
2020-06-12,fill,UNP,-336.4200134277344,2.0,168.2100067138672,buy,session,2020-06-12-5e273330
2020-06-15,fill,ADBE,797.5999755859375,2.0,398.7999877929688,sell,session,2020-06-15-226fedd0
2020-06-15,fill,COP,164.27999877929688,4.0,41.06999969482422,sell,session,2020-06-15-226fedd0
2020-06-15,fill,CRM,172.0,1.0,172.0,sell,session,2020-06-15-226fedd0
2020-06-15,fill,CSCO,485.3199882507324,11.0,44.119998931884766,sell,session,2020-06-15-226fedd0
2020-06-15,fill,GPN,174.2100067138672,1.0,174.2100067138672,sell,session,2020-06-15-226fedd0
2020-06-15,fill,LUV,135.1999969482422,4.0,33.79999923706055,sell,session,2020-06-15-226fedd0
2020-06-15,fill,MA,290.0,1.0,290.0,sell,session,2020-06-15-226fedd0
2020-06-15,fill,META,450.1799926757813,2.0,225.08999633789065,sell,session,2020-06-15-226fedd0
2020-06-15,fill,MSCI,315.1400146484375,1.0,315.1400146484375,sell,session,2020-06-15-226fedd0
2020-06-15,fill,SBUX,445.8000183105469,6.0,74.30000305175781,sell,session,2020-06-15-226fedd0
2020-06-15,fill,SPGI,293.2828674316406,1.0,293.2828674316406,sell,session,2020-06-15-226fedd0
2020-06-15,fill,TROW,117.73999786376952,1.0,117.73999786376952,sell,session,2020-06-15-226fedd0
2020-06-15,fill,UNP,161.72000122070312,1.0,161.72000122070312,sell,session,2020-06-15-226fedd0
2020-06-15,fill,AKAM,-99.68000030517578,1.0,99.68000030517578,buy,session,2020-06-15-226fedd0
2020-06-15,fill,AMGN,-215.8099975585937,1.0,215.8099975585937,buy,session,2020-06-15-226fedd0
2020-06-15,fill,BIIB,-276.3599853515625,1.0,276.3599853515625,buy,session,2020-06-15-226fedd0
2020-06-15,fill,CL,-144.72000122070312,2.0,72.36000061035156,buy,session,2020-06-15-226fedd0
2020-06-15,fill,DG,-182.72000122070312,1.0,182.72000122070312,buy,session,2020-06-15-226fedd0
2020-06-15,fill,GILD,-146.52000427246094,2.0,73.26000213623047,buy,session,2020-06-15-226fedd0
2020-06-15,fill,INTC,-593.3000183105469,10.0,59.33000183105469,buy,session,2020-06-15-226fedd0
2020-06-15,fill,ITW,-161.16000366210938,1.0,161.16000366210938,buy,session,2020-06-15-226fedd0
2020-06-15,fill,JNJ,-141.0,1.0,141.0,buy,session,2020-06-15-226fedd0
2020-06-15,fill,LHX,-189.0399932861328,1.0,189.0399932861328,buy,session,2020-06-15-226fedd0
2020-06-15,fill,LMT,-373.2799987792969,1.0,373.2799987792969,buy,session,2020-06-15-226fedd0
2020-06-15,fill,MCD,-184.6000061035156,1.0,184.6000061035156,buy,session,2020-06-15-226fedd0
2020-06-15,fill,MSFT,-369.1600036621094,2.0,184.5800018310547,buy,session,2020-06-15-226fedd0
2020-06-15,fill,PG,-572.7500152587891,5.0,114.5500030517578,buy,session,2020-06-15-226fedd0
2020-06-15,fill,PM,-278.79998779296875,4.0,69.69999694824219,buy,session,2020-06-15-226fedd0
2020-06-15,fill,TXN,-121.56999969482422,1.0,121.56999969482422,buy,session,2020-06-15-226fedd0
2020-06-16,fill,CBOE,102.81999969482422,1.0,102.81999969482422,sell,session,2020-06-16-f3e45a5d
2020-06-16,fill,CRM,180.00999450683594,1.0,180.00999450683594,sell,session,2020-06-16-f3e45a5d
2020-06-16,fill,INTC,184.4700050354004,3.0,61.4900016784668,sell,session,2020-06-16-f3e45a5d
2020-06-16,fill,ISRG,195.9600067138672,1.0,195.9600067138672,sell,session,2020-06-16-f3e45a5d
2020-06-16,fill,LOW,131.83999633789062,1.0,131.83999633789062,sell,session,2020-06-16-f3e45a5d
2020-06-16,fill,META,711.4199981689453,3.0,237.13999938964844,sell,session,2020-06-16-f3e45a5d
2020-06-16,fill,NKE,202.5,2.0,101.25,sell,session,2020-06-16-f3e45a5d
2020-06-16,fill,NXPI,114.1500015258789,1.0,114.1500015258789,sell,session,2020-06-16-f3e45a5d
2020-06-16,fill,ORCL,490.1399917602539,9.0,54.459999084472656,sell,session,2020-06-16-f3e45a5d
2020-06-16,fill,PG,118.52999877929688,1.0,118.52999877929688,sell,session,2020-06-16-f3e45a5d
2020-06-16,fill,PM,296.9599914550781,4.0,74.23999786376953,sell,session,2020-06-16-f3e45a5d
2020-06-16,fill,PYPL,160.19000244140625,1.0,160.19000244140625,sell,session,2020-06-16-f3e45a5d
2020-06-16,fill,ADBE,-407.8299865722656,1.0,407.8299865722656,buy,session,2020-06-16-f3e45a5d
2020-06-16,fill,CME,-178.5,1.0,178.5,buy,session,2020-06-16-f3e45a5d
2020-06-16,fill,EL,-196.72999572753903,1.0,196.72999572753903,buy,session,2020-06-16-f3e45a5d
2020-06-16,fill,HD,-249.3999938964844,1.0,249.3999938964844,buy,session,2020-06-16-f3e45a5d
2020-06-16,fill,JNJ,-576.3599853515625,4.0,144.08999633789062,buy,session,2020-06-16-f3e45a5d
2020-06-16,fill,LHX,-192.3699951171875,1.0,192.3699951171875,buy,session,2020-06-16-f3e45a5d
2020-06-16,fill,LMT,-386.55999755859375,1.0,386.55999755859375,buy,session,2020-06-16-f3e45a5d
2020-06-16,fill,MA,-305.9100036621094,1.0,305.9100036621094,buy,session,2020-06-16-f3e45a5d
2020-06-16,fill,PFE,-414.2979106903076,13.0,31.869070053100582,buy,session,2020-06-16-f3e45a5d
2020-06-17,fill,ADBE,414.0,1.0,414.0,sell,session,2020-06-17-14647da7
2020-06-17,fill,ADSK,242.2899932861328,1.0,242.2899932861328,sell,session,2020-06-17-14647da7
2020-06-17,fill,AMAT,117.45999908447266,2.0,58.72999954223633,sell,session,2020-06-17-14647da7
2020-06-17,fill,AMGN,228.5399932861328,1.0,228.5399932861328,sell,session,2020-06-17-14647da7
2020-06-17,fill,CSCO,140.25,3.0,46.75,sell,session,2020-06-17-14647da7
2020-06-17,fill,EL,195.8600006103516,1.0,195.8600006103516,sell,session,2020-06-17-14647da7
2020-06-17,fill,HD,505.5400085449219,2.0,252.7700042724609,sell,session,2020-06-17-14647da7
2020-06-17,fill,JNJ,144.89999389648438,1.0,144.89999389648438,sell,session,2020-06-17-14647da7
2020-06-17,fill,LOW,133.2899932861328,1.0,133.2899932861328,sell,session,2020-06-17-14647da7
2020-06-17,fill,MA,305.0,1.0,305.0,sell,session,2020-06-17-14647da7
2020-06-17,fill,MSFT,585.0899963378906,3.0,195.02999877929688,sell,session,2020-06-17-14647da7
2020-06-17,fill,ORCL,106.05999755859376,2.0,53.02999877929688,sell,session,2020-06-17-14647da7
2020-06-17,fill,PM,224.70000457763672,3.0,74.9000015258789,sell,session,2020-06-17-14647da7
2020-06-17,fill,PYPL,162.83999633789062,1.0,162.83999633789062,sell,session,2020-06-17-14647da7
2020-06-17,fill,CL,-147.60000610351562,2.0,73.80000305175781,buy,session,2020-06-17-14647da7
2020-06-17,fill,INTC,-425.1800117492676,7.0,60.7400016784668,buy,session,2020-06-17-14647da7
2020-06-17,fill,ISRG,-193.44667053222656,1.0,193.44667053222656,buy,session,2020-06-17-14647da7
2020-06-17,fill,MCD,-191.9199981689453,1.0,191.9199981689453,buy,session,2020-06-17-14647da7
2020-06-17,fill,META,-235.0,1.0,235.0,buy,session,2020-06-17-14647da7
2020-06-17,fill,MSCI,-325.0199890136719,1.0,325.0199890136719,buy,session,2020-06-17-14647da7
2020-06-17,fill,NEM,-168.81000137329102,3.0,56.27000045776367,buy,session,2020-06-17-14647da7
2020-06-17,fill,NSC,-180.0399932861328,1.0,180.0399932861328,buy,session,2020-06-17-14647da7
2020-06-17,fill,PFE,-446.1669807434082,14.0,31.869070053100582,buy,session,2020-06-17-14647da7
2020-06-17,fill,PG,-236.77999877929688,2.0,118.38999938964844,buy,session,2020-06-17-14647da7
2020-06-17,fill,REGN,-596.3300170898438,1.0,596.3300170898438,buy,session,2020-06-17-14647da7
2020-06-17,fill,TXN,-127.05999755859376,1.0,127.05999755859376,buy,session,2020-06-17-14647da7
2020-06-18,fill,AMAT,119.13999938964844,2.0,59.56999969482422,sell,session,2020-06-18-762d16c4
2020-06-18,fill,HD,249.3600006103516,1.0,249.3600006103516,sell,session,2020-06-18-762d16c4
2020-06-18,fill,ITW,169.44000244140625,1.0,169.44000244140625,sell,session,2020-06-18-762d16c4
2020-06-18,fill,LOW,405.6600036621094,3.0,135.22000122070312,sell,session,2020-06-18-762d16c4
2020-06-18,fill,MSCI,324.9800109863281,1.0,324.9800109863281,sell,session,2020-06-18-762d16c4
2020-06-18,fill,MSFT,388.0,2.0,194.0,sell,session,2020-06-18-762d16c4
2020-06-18,fill,NXPI,115.33999633789062,1.0,115.33999633789062,sell,session,2020-06-18-762d16c4
2020-06-18,fill,PFE,126.2618637084961,4.0,31.565465927124023,sell,session,2020-06-18-762d16c4
2020-06-18,fill,PYPL,329.44000244140625,2.0,164.72000122070312,sell,session,2020-06-18-762d16c4
2020-06-18,fill,VRTX,279.3999938964844,1.0,279.3999938964844,sell,session,2020-06-18-762d16c4
2020-06-18,fill,COP,-130.58999633789062,3.0,43.52999877929688,buy,session,2020-06-18-762d16c4
2020-06-18,fill,CSCO,-183.1600036621093,4.0,45.790000915527344,buy,session,2020-06-18-762d16c4
2020-06-18,fill,EL,-194.3699951171875,1.0,194.3699951171875,buy,session,2020-06-18-762d16c4
2020-06-18,fill,FIS,-137.85000610351562,1.0,137.85000610351562,buy,session,2020-06-18-762d16c4
2020-06-18,fill,GILD,-146.77999877929688,2.0,73.38999938964844,buy,session,2020-06-18-762d16c4
2020-06-18,fill,GPN,-179.92999267578125,1.0,179.92999267578125,buy,session,2020-06-18-762d16c4
2020-06-18,fill,JNJ,-142.52000427246094,1.0,142.52000427246094,buy,session,2020-06-18-762d16c4
2020-06-18,fill,META,-234.9900054931641,1.0,234.9900054931641,buy,session,2020-06-18-762d16c4
2020-06-18,fill,ORCL,-1186.7999649047852,23.0,51.59999847412109,buy,session,2020-06-18-762d16c4
2020-06-18,fill,PG,-117.45999908447266,1.0,117.45999908447266,buy,session,2020-06-18-762d16c4
2020-06-18,fill,PM,-147.0,2.0,73.5,buy,session,2020-06-18-762d16c4
2020-06-19,fill,ADBE,423.760009765625,1.0,423.760009765625,sell,session,2020-06-19-cc907947
2020-06-19,fill,AMGN,233.3800048828125,1.0,233.3800048828125,sell,session,2020-06-19-cc907947
2020-06-19,fill,CRM,568.5,3.0,189.5,sell,session,2020-06-19-cc907947
2020-06-19,fill,EL,199.8999938964844,1.0,199.8999938964844,sell,session,2020-06-19-cc907947
2020-06-19,fill,FIS,142.27999877929688,1.0,142.27999877929688,sell,session,2020-06-19-cc907947
2020-06-19,fill,ILMN,355.5155639648437,1.0,355.5155639648437,sell,session,2020-06-19-cc907947
2020-06-19,fill,ISRG,197.2366638183593,1.0,197.2366638183593,sell,session,2020-06-19-cc907947
2020-06-19,fill,MSFT,595.7699890136719,3.0,198.58999633789065,sell,session,2020-06-19-cc907947
2020-06-19,fill,ORCL,867.3599853515625,16.0,54.209999084472656,sell,session,2020-06-19-cc907947
2020-06-19,fill,PG,361.4699935913086,3.0,120.48999786376952,sell,session,2020-06-19-cc907947
2020-06-19,fill,PYPL,511.8000183105469,3.0,170.60000610351562,sell,session,2020-06-19-cc907947
2020-06-19,fill,AME,-182.1000061035156,2.0,91.0500030517578,buy,session,2020-06-19-cc907947
2020-06-19,fill,BIIB,-523.5,2.0,261.75,buy,session,2020-06-19-cc907947
2020-06-19,fill,CBOE,-102.4800033569336,1.0,102.4800033569336,buy,session,2020-06-19-cc907947
2020-06-19,fill,CSCO,-231.299991607666,5.0,46.2599983215332,buy,session,2020-06-19-cc907947
2020-06-19,fill,HD,-506.2000122070313,2.0,253.1000061035156,buy,session,2020-06-19-cc907947
2020-06-19,fill,INTC,-303.25000762939453,5.0,60.650001525878906,buy,session,2020-06-19-cc907947
2020-06-19,fill,ITW,-173.88999938964844,1.0,173.88999938964844,buy,session,2020-06-19-cc907947
2020-06-19,fill,JNJ,-291.5799865722656,2.0,145.7899932861328,buy,session,2020-06-19-cc907947
2020-06-19,fill,LOW,-137.2899932861328,1.0,137.2899932861328,buy,session,2020-06-19-cc907947
2020-06-19,fill,MCD,-192.2899932861328,1.0,192.2899932861328,buy,session,2020-06-19-cc907947
2020-06-19,fill,NKE,-299.9100036621094,3.0,99.97000122070312,buy,session,2020-06-19-cc907947
2020-06-19,fill,NSC,-176.3699951171875,1.0,176.3699951171875,buy,session,2020-06-19-cc907947
2020-06-19,fill,PFE,-287.6755256652832,9.0,31.96394729614257,buy,session,2020-06-19-cc907947
2020-06-19,fill,SBUX,-308.1199951171875,4.0,77.02999877929688,buy,session,2020-06-19-cc907947
2020-06-19,fill,TPR,-116.72000122070312,8.0,14.59000015258789,buy,session,2020-06-19-cc907947
2020-06-19,fill,TXN,-128.05999755859375,1.0,128.05999755859375,buy,session,2020-06-19-cc907947
2020-06-19,fill,TYL,-344.4200134277344,1.0,344.4200134277344,buy,session,2020-06-19-cc907947
2020-06-22,fill,ADBE,428.9599914550781,1.0,428.9599914550781,sell,session,2020-06-22-8acfffb4
2020-06-22,fill,AMAT,121.04000091552734,2.0,60.52000045776367,sell,session,2020-06-22-8acfffb4
2020-06-22,fill,AMGN,708.9299926757812,3.0,236.3099975585937,sell,session,2020-06-22-8acfffb4
2020-06-22,fill,BIIB,266.5,1.0,266.5,sell,session,2020-06-22-8acfffb4
2020-06-22,fill,GILD,535.3600234985352,7.0,76.4800033569336,sell,session,2020-06-22-8acfffb4
2020-06-22,fill,JNJ,286.94000244140625,2.0,143.47000122070312,sell,session,2020-06-22-8acfffb4
2020-06-22,fill,KEYS,105.68000030517578,1.0,105.68000030517578,sell,session,2020-06-22-8acfffb4
2020-06-22,fill,META,1192.7999877929688,5.0,238.5599975585937,sell,session,2020-06-22-8acfffb4
2020-06-22,fill,NEM,116.68000030517578,2.0,58.34000015258789,sell,session,2020-06-22-8acfffb4
2020-06-22,fill,ORCL,324.54000091552734,6.0,54.09000015258789,sell,session,2020-06-22-8acfffb4
2020-06-22,fill,PFE,189.73434448242188,6.0,31.622390747070312,sell,session,2020-06-22-8acfffb4
2020-06-22,fill,REGN,634.0900268554688,1.0,634.0900268554688,sell,session,2020-06-22-8acfffb4
2020-06-22,fill,TROW,128.36000061035156,1.0,128.36000061035156,sell,session,2020-06-22-8acfffb4
2020-06-22,fill,VRTX,294.0,1.0,294.0,sell,session,2020-06-22-8acfffb4
2020-06-22,fill,CSCO,-225.5500030517578,5.0,45.11000061035156,buy,session,2020-06-22-8acfffb4
2020-06-22,fill,EL,-382.3200073242188,2.0,191.1600036621093,buy,session,2020-06-22-8acfffb4
2020-06-22,fill,FIS,-406.9499816894531,3.0,135.64999389648438,buy,session,2020-06-22-8acfffb4
2020-06-22,fill,GPN,-176.1999969482422,1.0,176.1999969482422,buy,session,2020-06-22-8acfffb4
2020-06-22,fill,HD,-245.6999969482422,1.0,245.6999969482422,buy,session,2020-06-22-8acfffb4
2020-06-22,fill,INTC,-119.45999908447266,2.0,59.72999954223633,buy,session,2020-06-22-8acfffb4
2020-06-22,fill,LHX,-182.0,1.0,182.0,buy,session,2020-06-22-8acfffb4
2020-06-22,fill,LMT,-372.260009765625,1.0,372.260009765625,buy,session,2020-06-22-8acfffb4
2020-06-22,fill,LUV,-102.08999633789062,3.0,34.029998779296875,buy,session,2020-06-22-8acfffb4
2020-06-22,fill,MA,-898.8000183105469,3.0,299.6000061035156,buy,session,2020-06-22-8acfffb4
2020-06-22,fill,MCD,-186.0,1.0,186.0,buy,session,2020-06-22-8acfffb4
2020-06-22,fill,MSFT,-195.7899932861328,1.0,195.7899932861328,buy,session,2020-06-22-8acfffb4
2020-06-22,fill,MSI,-138.8699951171875,1.0,138.8699951171875,buy,session,2020-06-22-8acfffb4
2020-06-22,fill,NKE,-484.2499923706055,5.0,96.8499984741211,buy,session,2020-06-22-8acfffb4
2020-06-22,fill,PM,-361.7499923706055,5.0,72.3499984741211,buy,session,2020-06-22-8acfffb4
2020-06-22,fill,PYPL,-331.1600036621094,2.0,165.5800018310547,buy,session,2020-06-22-8acfffb4
2020-06-22,fill,SBUX,-149.8000030517578,2.0,74.9000015258789,buy,session,2020-06-22-8acfffb4
2020-06-22,fill,UNP,-167.05999755859375,1.0,167.05999755859375,buy,session,2020-06-22-8acfffb4
2020-06-23,fill,ADBE,440.0700073242188,1.0,440.0700073242188,sell,session,2020-06-23-5b7c617a
2020-06-23,fill,CRM,384.0,2.0,192.0,sell,session,2020-06-23-5b7c617a
2020-06-23,fill,FIS,281.3800048828125,2.0,140.69000244140625,sell,session,2020-06-23-5b7c617a
2020-06-23,fill,HD,253.0,1.0,253.0,sell,session,2020-06-23-5b7c617a
2020-06-23,fill,INTU,294.9800109863281,1.0,294.9800109863281,sell,session,2020-06-23-5b7c617a
2020-06-23,fill,MA,614.0599975585938,2.0,307.0299987792969,sell,session,2020-06-23-5b7c617a
2020-06-23,fill,MSFT,1616.719970703125,8.0,202.08999633789065,sell,session,2020-06-23-5b7c617a
2020-06-23,fill,MSI,142.33999633789062,1.0,142.33999633789062,sell,session,2020-06-23-5b7c617a
2020-06-23,fill,NKE,606.9000091552734,6.0,101.1500015258789,sell,session,2020-06-23-5b7c617a
2020-06-23,fill,ORCL,110.5999984741211,2.0,55.29999923706055,sell,session,2020-06-23-5b7c617a
2020-06-23,fill,PYPL,516.0,3.0,172.0,sell,session,2020-06-23-5b7c617a
2020-06-23,fill,RMD,180.4499969482422,1.0,180.4499969482422,sell,session,2020-06-23-5b7c617a
2020-06-23,fill,VEEV,239.4499969482422,1.0,239.4499969482422,sell,session,2020-06-23-5b7c617a
2020-06-23,fill,AMGN,-469.739990234375,2.0,234.8699951171875,buy,session,2020-06-23-5b7c617a
2020-06-23,fill,BIIB,-266.3699951171875,1.0,266.3699951171875,buy,session,2020-06-23-5b7c617a
2020-06-23,fill,CME,-176.99000549316406,1.0,176.99000549316406,buy,session,2020-06-23-5b7c617a
2020-06-23,fill,CSCO,-321.4399871826172,7.0,45.91999816894531,buy,session,2020-06-23-5b7c617a
2020-06-23,fill,EQT,-111.78000068664552,9.0,12.420000076293944,buy,session,2020-06-23-5b7c617a
2020-06-23,fill,GILD,-378.34999084472656,5.0,75.66999816894531,buy,session,2020-06-23-5b7c617a
2020-06-23,fill,ICE,-190.0599975585937,2.0,95.02999877929688,buy,session,2020-06-23-5b7c617a
2020-06-23,fill,ILMN,-351.1673278808594,1.0,351.1673278808594,buy,session,2020-06-23-5b7c617a
2020-06-23,fill,JNJ,-574.9600219726562,4.0,143.74000549316406,buy,session,2020-06-23-5b7c617a
2020-06-23,fill,KEYS,-105.5,1.0,105.5,buy,session,2020-06-23-5b7c617a
2020-06-23,fill,LOW,-136.38999938964844,1.0,136.38999938964844,buy,session,2020-06-23-5b7c617a
2020-06-23,fill,MCD,-189.5500030517578,1.0,189.5500030517578,buy,session,2020-06-23-5b7c617a
2020-06-23,fill,META,-482.55999755859375,2.0,241.27999877929688,buy,session,2020-06-23-5b7c617a
2020-06-23,fill,PFE,-440.986701965332,14.0,31.49905014038086,buy,session,2020-06-23-5b7c617a
2020-06-23,fill,PG,-712.0199890136719,6.0,118.66999816894533,buy,session,2020-06-23-5b7c617a
2020-06-23,fill,PM,-145.74000549316406,2.0,72.87000274658203,buy,session,2020-06-23-5b7c617a
2020-06-23,fill,SWKS,-128.75999450683594,1.0,128.75999450683594,buy,session,2020-06-23-5b7c617a
2020-06-23,fill,TROW,-127.75,1.0,127.75,buy,session,2020-06-23-5b7c617a
2020-06-23,fill,TXN,-126.62999725341795,1.0,126.62999725341795,buy,session,2020-06-23-5b7c617a
2020-06-23,fill,UNP,-170.3699951171875,1.0,170.3699951171875,buy,session,2020-06-23-5b7c617a
2020-06-23,fill,ZTS,-138.10000610351562,1.0,138.10000610351562,buy,session,2020-06-23-5b7c617a
2020-06-24,fill,EL,193.5,1.0,193.5,sell,session,2020-06-24-0599b524
2020-06-24,fill,ILMN,357.2568054199219,1.0,357.2568054199219,sell,session,2020-06-24-0599b524
2020-06-24,fill,MA,305.0,1.0,305.0,sell,session,2020-06-24-0599b524
2020-06-24,fill,META,723.5999908447266,3.0,241.1999969482422,sell,session,2020-06-24-0599b524
2020-06-24,fill,MSFT,403.2000122070313,2.0,201.6000061035156,sell,session,2020-06-24-0599b524
2020-06-24,fill,NEM,117.45999908447266,2.0,58.72999954223633,sell,session,2020-06-24-0599b524
2020-06-24,fill,NKE,403.760009765625,4.0,100.94000244140624,sell,session,2020-06-24-0599b524
2020-06-24,fill,NXPI,117.63999938964844,1.0,117.63999938964844,sell,session,2020-06-24-0599b524
2020-06-24,fill,PYPL,341.19000244140625,2.0,170.59500122070312,sell,session,2020-06-24-0599b524
2020-06-24,fill,SWKS,128.30999755859375,1.0,128.30999755859375,sell,session,2020-06-24-0599b524
2020-06-24,fill,TXN,125.29000091552734,1.0,125.29000091552734,sell,session,2020-06-24-0599b524
2020-06-24,fill,ZTS,137.02999877929688,1.0,137.02999877929688,sell,session,2020-06-24-0599b524
2020-06-24,fill,CL,-145.17999267578125,2.0,72.58999633789062,buy,session,2020-06-24-0599b524
2020-06-24,fill,CRM,-375.0199890136719,2.0,187.509994506836,buy,session,2020-06-24-0599b524
2020-06-24,fill,FIS,-137.22000122070312,1.0,137.22000122070312,buy,session,2020-06-24-0599b524
2020-06-24,fill,INTC,-238.5599975585937,4.0,59.63999938964844,buy,session,2020-06-24-0599b524
2020-06-24,fill,JNJ,-282.9800109863281,2.0,141.49000549316406,buy,session,2020-06-24-0599b524
2020-06-24,fill,LHX,-351.760009765625,2.0,175.8800048828125,buy,session,2020-06-24-0599b524
2020-06-24,fill,PFE,-341.37572479248047,11.0,31.034156799316406,buy,session,2020-06-24-0599b524
2020-06-24,fill,PG,-117.22000122070312,1.0,117.22000122070312,buy,session,2020-06-24-0599b524
2020-06-24,fill,PM,-141.4600067138672,2.0,70.7300033569336,buy,session,2020-06-24-0599b524
2020-06-25,fill,AMGN,231.5,1.0,231.5,sell,session,2020-06-25-15eb9923
2020-06-25,fill,CRM,186.13999938964844,1.0,186.13999938964844,sell,session,2020-06-25-15eb9923
2020-06-25,fill,CSCO,313.3900032043457,7.0,44.77000045776367,sell,session,2020-06-25-15eb9923
2020-06-25,fill,DG,190.75,1.0,190.75,sell,session,2020-06-25-15eb9923
2020-06-25,fill,GILD,303.20001220703125,4.0,75.80000305175781,sell,session,2020-06-25-15eb9923
2020-06-25,fill,HD,244.8000030517578,1.0,244.8000030517578,sell,session,2020-06-25-15eb9923
2020-06-25,fill,INTC,353.879997253418,6.0,58.97999954223633,sell,session,2020-06-25-15eb9923
2020-06-25,fill,MCD,183.509994506836,1.0,183.509994506836,sell,session,2020-06-25-15eb9923
2020-06-25,fill,MSFT,197.8000030517578,1.0,197.8000030517578,sell,session,2020-06-25-15eb9923
2020-06-25,fill,NEM,116.94000244140624,2.0,58.470001220703125,sell,session,2020-06-25-15eb9923
2020-06-25,fill,NKE,99.2300033569336,1.0,99.2300033569336,sell,session,2020-06-25-15eb9923
2020-06-25,fill,ORCL,163.20000457763672,3.0,54.400001525878906,sell,session,2020-06-25-15eb9923
2020-06-25,fill,PFE,152.32447624206543,5.0,30.46489524841309,sell,session,2020-06-25-15eb9923
2020-06-25,fill,PG,467.9599914550781,4.0,116.98999786376952,sell,session,2020-06-25-15eb9923
2020-06-25,fill,UNP,165.14999389648438,1.0,165.14999389648438,sell,session,2020-06-25-15eb9923
2020-06-25,fill,VRTX,292.3800048828125,1.0,292.3800048828125,sell,session,2020-06-25-15eb9923
2020-06-25,fill,CME,-166.67999267578125,1.0,166.67999267578125,buy,session,2020-06-25-15eb9923
2020-06-25,fill,COP,-284.6199989318848,7.0,40.65999984741211,buy,session,2020-06-25-15eb9923
2020-06-25,fill,EL,-186.5800018310547,1.0,186.5800018310547,buy,session,2020-06-25-15eb9923
2020-06-25,fill,FIS,-133.0,1.0,133.0,buy,session,2020-06-25-15eb9923
2020-06-25,fill,GL,-141.3000030517578,2.0,70.6500015258789,buy,session,2020-06-25-15eb9923
2020-06-25,fill,GPN,-166.5800018310547,1.0,166.5800018310547,buy,session,2020-06-25-15eb9923
2020-06-25,fill,ISRG,-185.5666656494141,1.0,185.5666656494141,buy,session,2020-06-25-15eb9923
2020-06-25,fill,LUV,-124.76000213623048,4.0,31.190000534057617,buy,session,2020-06-25-15eb9923
2020-06-25,fill,MA,-882.4800109863281,3.0,294.1600036621094,buy,session,2020-06-25-15eb9923
2020-06-25,fill,META,-938.47998046875,4.0,234.6199951171875,buy,session,2020-06-25-15eb9923
2020-06-25,fill,NXPI,-113.20999908447266,1.0,113.20999908447266,buy,session,2020-06-25-15eb9923
2020-06-25,fill,PAYX,-142.3000030517578,2.0,71.1500015258789,buy,session,2020-06-25-15eb9923
2020-06-25,fill,PH,-173.2899932861328,1.0,173.2899932861328,buy,session,2020-06-25-15eb9923
2020-06-25,fill,PYPL,-169.0,1.0,169.0,buy,session,2020-06-25-15eb9923
2020-06-25,fill,SPGI,-301.2109680175781,1.0,301.2109680175781,buy,session,2020-06-25-15eb9923
2020-06-25,fill,TROW,-120.7699966430664,1.0,120.7699966430664,buy,session,2020-06-25-15eb9923
2020-06-26,fill,ITW,169.83999633789062,1.0,169.83999633789062,sell,session,2020-06-26-0cba1df5
2020-06-26,fill,MA,296.8800048828125,1.0,296.8800048828125,sell,session,2020-06-26-0cba1df5
2020-06-26,fill,MCO,272.9800109863281,1.0,272.9800109863281,sell,session,2020-06-26-0cba1df5
2020-06-26,fill,MSFT,399.4599914550781,2.0,199.72999572753903,sell,session,2020-06-26-0cba1df5
2020-06-26,fill,NKE,98.5,1.0,98.5,sell,session,2020-06-26-0cba1df5
2020-06-26,fill,PG,235.17999267578125,2.0,117.58999633789062,sell,session,2020-06-26-0cba1df5
2020-06-26,fill,PYPL,521.1300201416016,3.0,173.7100067138672,sell,session,2020-06-26-0cba1df5
2020-06-26,fill,RMD,186.42999267578125,1.0,186.42999267578125,sell,session,2020-06-26-0cba1df5
2020-06-26,fill,SPGI,307.3793640136719,1.0,307.3793640136719,sell,session,2020-06-26-0cba1df5
2020-06-26,fill,DG,-190.759994506836,1.0,190.759994506836,buy,session,2020-06-26-0cba1df5
2020-06-26,fill,FIS,-132.75,1.0,132.75,buy,session,2020-06-26-0cba1df5
2020-06-26,fill,GILD,-150.1999969482422,2.0,75.0999984741211,buy,session,2020-06-26-0cba1df5
2020-06-26,fill,GPN,-166.99000549316406,1.0,166.99000549316406,buy,session,2020-06-26-0cba1df5
2020-06-26,fill,HD,-490.7000122070313,2.0,245.3500061035156,buy,session,2020-06-26-0cba1df5
2020-06-26,fill,INTC,-643.3900184631348,11.0,58.4900016784668,buy,session,2020-06-26-0cba1df5
2020-06-26,fill,JNJ,-418.5899963378906,3.0,139.52999877929688,buy,session,2020-06-26-0cba1df5
2020-06-26,fill,MCD,-364.739990234375,2.0,182.3699951171875,buy,session,2020-06-26-0cba1df5
2020-06-26,fill,ORCL,-163.04999542236328,3.0,54.34999847412109,buy,session,2020-06-26-0cba1df5
2020-06-26,fill,PFE,-122.3908920288086,4.0,30.59772300720215,buy,session,2020-06-26-0cba1df5
2020-06-26,fill,SBUX,-147.25999450683594,2.0,73.62999725341797,buy,session,2020-06-26-0cba1df5
2020-06-26,fill,ZTS,-135.0,1.0,135.0,buy,session,2020-06-26-0cba1df5
2020-06-29,purification_post,,-0.0857729109079311,,,ex-date impure dividend,session,
2020-06-29,fill,AKAM,105.62000274658205,1.0,105.62000274658205,sell,session,2020-06-29-90a1282d
2020-06-29,fill,AMGN,233.3999938964844,1.0,233.3999938964844,sell,session,2020-06-29-90a1282d
2020-06-29,fill,BR,125.0500030517578,1.0,125.0500030517578,sell,session,2020-06-29-90a1282d
2020-06-29,fill,CDNS,186.6000061035156,2.0,93.3000030517578,sell,session,2020-06-29-90a1282d
2020-06-29,fill,CL,143.77999877929688,2.0,71.88999938964844,sell,session,2020-06-29-90a1282d
2020-06-29,fill,CSCO,1251.180004119873,27.0,46.34000015258789,sell,session,2020-06-29-90a1282d
2020-06-29,fill,DG,190.0800018310547,1.0,190.0800018310547,sell,session,2020-06-29-90a1282d
2020-06-29,fill,FIS,131.64999389648438,1.0,131.64999389648438,sell,session,2020-06-29-90a1282d
2020-06-29,fill,GILD,153.05999755859375,2.0,76.52999877929688,sell,session,2020-06-29-90a1282d
2020-06-29,fill,HD,242.6600036621093,1.0,242.6600036621093,sell,session,2020-06-29-90a1282d
2020-06-29,fill,INTC,229.8800048828125,4.0,57.470001220703125,sell,session,2020-06-29-90a1282d
2020-06-29,fill,JKHY,178.89999389648438,1.0,178.89999389648438,sell,session,2020-06-29-90a1282d
2020-06-29,fill,JNJ,554.9600219726562,4.0,138.74000549316406,sell,session,2020-06-29-90a1282d
2020-06-29,fill,MCD,180.57000732421875,1.0,180.57000732421875,sell,session,2020-06-29-90a1282d
2020-06-29,fill,MSFT,391.55999755859375,2.0,195.77999877929688,sell,session,2020-06-29-90a1282d
2020-06-29,fill,NEM,178.43999862670898,3.0,59.47999954223633,sell,session,2020-06-29-90a1282d
2020-06-29,fill,NSC,170.5500030517578,1.0,170.5500030517578,sell,session,2020-06-29-90a1282d
2020-06-29,fill,ORCL,379.6099967956543,7.0,54.22999954223633,sell,session,2020-06-29-90a1282d
2020-06-29,fill,PFE,400.36054039001465,13.0,30.796964645385746,sell,session,2020-06-29-90a1282d
2020-06-29,fill,PYPL,171.47999572753906,1.0,171.47999572753906,sell,session,2020-06-29-90a1282d
2020-06-29,fill,TXN,123.8499984741211,1.0,123.8499984741211,sell,session,2020-06-29-90a1282d
2020-06-29,fill,TYL,339.95001220703125,1.0,339.95001220703125,sell,session,2020-06-29-90a1282d
2020-06-29,fill,ZTS,133.25999450683594,1.0,133.25999450683594,sell,session,2020-06-29-90a1282d
2020-06-29,fill,AMAT,-116.87999725341795,2.0,58.43999862670898,buy,session,2020-06-29-90a1282d
2020-06-29,fill,CME,-164.0800018310547,1.0,164.0800018310547,buy,session,2020-06-29-90a1282d
2020-06-29,fill,MA,-291.3399963378906,1.0,291.3399963378906,buy,session,2020-06-29-90a1282d
2020-06-29,fill,MCO,-271.989990234375,1.0,271.989990234375,buy,session,2020-06-29-90a1282d
2020-06-29,fill,META,-4614.5,22.0,209.75,buy,session,2020-06-29-90a1282d
2020-06-29,fill,NKE,-1030.699966430664,11.0,93.6999969482422,buy,session,2020-06-29-90a1282d
2020-06-30,fill,GPN,165.8699951171875,1.0,165.8699951171875,sell,session,2020-06-30-4d713db0
2020-06-30,fill,HD,247.0,1.0,247.0,sell,session,2020-06-30-4d713db0
2020-06-30,fill,LHX,173.74000549316406,1.0,173.74000549316406,sell,session,2020-06-30-4d713db0
2020-06-30,fill,LOW,268.6000061035156,2.0,134.3000030517578,sell,session,2020-06-30-4d713db0
2020-06-30,fill,LUV,174.89999771118164,5.0,34.97999954223633,sell,session,2020-06-30-4d713db0
2020-06-30,fill,META,661.7699890136719,3.0,220.58999633789065,sell,session,2020-06-30-4d713db0
2020-06-30,fill,NKE,288.0,3.0,96.0,sell,session,2020-06-30-4d713db0
2020-06-30,fill,PAYX,147.1999969482422,2.0,73.5999984741211,sell,session,2020-06-30-4d713db0
2020-06-30,fill,PFE,154.31689262390137,5.0,30.86337852478028,sell,session,2020-06-30-4d713db0
2020-06-30,fill,PG,353.9100036621094,3.0,117.97000122070312,sell,session,2020-06-30-4d713db0
2020-06-30,fill,PH,178.5,1.0,178.5,sell,session,2020-06-30-4d713db0
2020-06-30,fill,PM,210.12000274658203,3.0,70.04000091552734,sell,session,2020-06-30-4d713db0
2020-06-30,fill,ADBE,-426.6799926757813,1.0,426.6799926757813,buy,session,2020-06-30-4d713db0
2020-06-30,fill,AMGN,-233.3099975585937,1.0,233.3099975585937,buy,session,2020-06-30-4d713db0
2020-06-30,fill,CRM,-183.4499969482422,1.0,183.4499969482422,buy,session,2020-06-30-4d713db0
2020-06-30,fill,CSCO,-369.2000122070313,8.0,46.150001525878906,buy,session,2020-06-30-4d713db0
2020-06-30,fill,FIS,-131.16000366210938,1.0,131.16000366210938,buy,session,2020-06-30-4d713db0
2020-06-30,fill,GILD,-148.67999267578125,2.0,74.33999633789062,buy,session,2020-06-30-4d713db0
2020-06-30,fill,JNJ,-139.39999389648438,1.0,139.39999389648438,buy,session,2020-06-30-4d713db0
2020-06-30,fill,PYPL,-512.0999908447266,3.0,170.6999969482422,buy,session,2020-06-30-4d713db0
2020-06-30,fill,VRTX,-287.67999267578125,1.0,287.67999267578125,buy,session,2020-06-30-4d713db0
2020-06-30,fill,ZTS,-132.10000610351562,1.0,132.10000610351562,buy,session,2020-06-30-4d713db0
2020-07-01,fill,BIIB,1067.56005859375,4.0,266.8900146484375,sell,session,2020-07-01-eb028766
2020-07-01,fill,CME,808.75,5.0,161.75,sell,session,2020-07-01-eb028766
2020-07-01,fill,CSCO,558.4800109863281,12.0,46.540000915527344,sell,session,2020-07-01-eb028766
2020-07-01,fill,EL,379.5199890136719,2.0,189.759994506836,sell,session,2020-07-01-eb028766
2020-07-01,fill,FIS,538.1599731445312,4.0,134.5399932861328,sell,session,2020-07-01-eb028766
2020-07-01,fill,GEN,158.16000366210938,8.0,19.770000457763672,sell,session,2020-07-01-eb028766
2020-07-01,fill,GILD,385.4999923706055,5.0,77.0999984741211,sell,session,2020-07-01-eb028766
2020-07-01,fill,GPN,340.0,2.0,170.0,sell,session,2020-07-01-eb028766
2020-07-01,fill,ICE,275.04000091552734,3.0,91.68000030517578,sell,session,2020-07-01-eb028766
2020-07-01,fill,IEX,158.25,1.0,158.25,sell,session,2020-07-01-eb028766
2020-07-01,fill,INTC,2156.759994506836,36.0,59.90999984741211,sell,session,2020-07-01-eb028766
2020-07-01,fill,ISRG,190.6666717529297,1.0,190.6666717529297,sell,session,2020-07-01-eb028766
2020-07-01,fill,JNJ,2532.4200439453125,18.0,140.69000244140625,sell,session,2020-07-01-eb028766
2020-07-01,fill,KEYS,2529.9999237060547,25.0,101.1999969482422,sell,session,2020-07-01-eb028766
2020-07-01,fill,LHX,514.3200073242188,3.0,171.44000244140625,sell,session,2020-07-01-eb028766
2020-07-01,fill,LMT,732.6799926757812,2.0,366.3399963378906,sell,session,2020-07-01-eb028766
2020-07-01,fill,MA,591.9199829101562,2.0,295.9599914550781,sell,session,2020-07-01-eb028766
2020-07-01,fill,MCD,184.9499969482422,1.0,184.9499969482422,sell,session,2020-07-01-eb028766
2020-07-01,fill,META,685.5,3.0,228.5,sell,session,2020-07-01-eb028766
2020-07-01,fill,MSFT,609.4199981689453,3.0,203.13999938964844,sell,session,2020-07-01-eb028766
2020-07-01,fill,NDSN,1335.6699829101562,7.0,190.8099975585937,sell,session,2020-07-01-eb028766
2020-07-01,fill,NKE,295.5,3.0,98.5,sell,session,2020-07-01-eb028766
2020-07-01,fill,PFE,3539.202896118164,108.0,32.7703971862793,sell,session,2020-07-01-eb028766
2020-07-01,fill,PM,350.64998626708984,5.0,70.12999725341797,sell,session,2020-07-01-eb028766
2020-07-01,fill,SBUX,592.0,8.0,74.0,sell,session,2020-07-01-eb028766
2020-07-01,fill,UNP,169.49000549316406,1.0,169.49000549316406,sell,session,2020-07-01-eb028766
2020-07-01,fill,VRSK,169.22999572753906,1.0,169.22999572753906,sell,session,2020-07-01-eb028766
2020-07-01,fill,VRSN,206.1300048828125,1.0,206.1300048828125,sell,session,2020-07-01-eb028766
2020-07-01,fill,ZTS,274.5799865722656,2.0,137.2899932861328,sell,session,2020-07-01-eb028766
2020-07-01,fill,ADBE,-2173.999938964844,5.0,434.7999877929688,buy,session,2020-07-01-eb028766
2020-07-01,fill,ADI,-5625.340042114258,46.0,122.29000091552734,buy,session,2020-07-01-eb028766
2020-07-01,fill,ADSK,-719.8200073242188,3.0,239.94000244140625,buy,session,2020-07-01-eb028766
2020-07-01,fill,AMAT,-423.01000213623047,7.0,60.43000030517578,buy,session,2020-07-01-eb028766
2020-07-01,fill,AMGN,-471.0400085449219,2.0,235.5200042724609,buy,session,2020-07-01-eb028766
2020-07-01,fill,BR,-126.38999938964844,1.0,126.38999938964844,buy,session,2020-07-01-eb028766
2020-07-01,fill,CDNS,-191.3999938964844,2.0,95.6999969482422,buy,session,2020-07-01-eb028766
2020-07-01,fill,CRM,-1692.9000549316406,9.0,188.1000061035156,buy,session,2020-07-01-eb028766
2020-07-01,fill,DGX,-1937.1499481201167,17.0,113.9499969482422,buy,session,2020-07-01-eb028766
2020-07-01,fill,IVZ,-171.83999633789062,16.0,10.739999771118164,buy,session,2020-07-01-eb028766
2020-07-01,fill,JKHY,-184.8099975585937,1.0,184.8099975585937,buy,session,2020-07-01-eb028766
2020-07-01,fill,LOW,-541.5999755859375,4.0,135.39999389648438,buy,session,2020-07-01-eb028766
2020-07-01,fill,LUV,-211.7400054931641,6.0,35.290000915527344,buy,session,2020-07-01-eb028766
2020-07-01,fill,MSI,-139.49000549316406,1.0,139.49000549316406,buy,session,2020-07-01-eb028766
2020-07-01,fill,NEM,-247.0800018310547,4.0,61.77000045776367,buy,session,2020-07-01-eb028766
2020-07-01,fill,NXPI,-684.3000183105469,6.0,114.0500030517578,buy,session,2020-07-01-eb028766
2020-07-01,fill,PG,-1076.8500137329102,9.0,119.6500015258789,buy,session,2020-07-01-eb028766
2020-07-01,fill,PGR,-159.9199981689453,2.0,79.95999908447266,buy,session,2020-07-01-eb028766
2020-07-01,fill,PYPL,-2270.125,13.0,174.625,buy,session,2020-07-01-eb028766
2020-07-01,fill,RMD,-570.4499816894531,3.0,190.1499938964844,buy,session,2020-07-01-eb028766
2020-07-01,fill,SWKS,-255.3999938964844,2.0,127.6999969482422,buy,session,2020-07-01-eb028766
2020-07-01,fill,TXN,-886.1999893188477,7.0,126.5999984741211,buy,session,2020-07-01-eb028766
2020-07-01,fill,VEEV,-470.0,2.0,235.0,buy,session,2020-07-01-eb028766
2020-07-02,purification_post,,-4.871735511713934,,,ex-date impure dividend,session,
2020-07-02,fill,AMGN,1264.3499755859375,5.0,252.8699951171875,sell,session,2020-07-02-9505a210
2020-07-02,fill,CBOE,195.5800018310547,2.0,97.79000091552734,sell,session,2020-07-02-9505a210
2020-07-02,fill,CME,170.74000549316406,1.0,170.74000549316406,sell,session,2020-07-02-9505a210
2020-07-02,fill,CRM,386.3200073242188,2.0,193.1600036621093,sell,session,2020-07-02-9505a210
2020-07-02,fill,FIS,138.5399932861328,1.0,138.5399932861328,sell,session,2020-07-02-9505a210
2020-07-02,fill,MA,304.3299865722656,1.0,304.3299865722656,sell,session,2020-07-02-9505a210
2020-07-02,fill,META,3107.0,13.0,239.0,sell,session,2020-07-02-9505a210
2020-07-02,fill,PFE,525.540771484375,16.0,32.84629821777344,sell,session,2020-07-02-9505a210
2020-07-02,fill,PYPL,179.69000244140625,1.0,179.69000244140625,sell,session,2020-07-02-9505a210
2020-07-02,fill,VEEV,241.57000732421875,1.0,241.57000732421875,sell,session,2020-07-02-9505a210
2020-07-02,fill,ADI,-122.41000366210938,1.0,122.41000366210938,buy,session,2020-07-02-9505a210
2020-07-02,fill,AMAT,-121.0,2.0,60.5,buy,session,2020-07-02-9505a210
2020-07-02,fill,BIIB,-265.489990234375,1.0,265.489990234375,buy,session,2020-07-02-9505a210
2020-07-02,fill,CL,-147.27999877929688,2.0,73.63999938964844,buy,session,2020-07-02-9505a210
2020-07-02,fill,COP,-125.45999908447266,3.0,41.81999969482422,buy,session,2020-07-02-9505a210
2020-07-02,fill,CSCO,-506.7699966430664,11.0,46.06999969482422,buy,session,2020-07-02-9505a210
2020-07-02,fill,DG,-191.7899932861328,1.0,191.7899932861328,buy,session,2020-07-02-9505a210
2020-07-02,fill,GILD,-228.92999267578125,3.0,76.30999755859375,buy,session,2020-07-02-9505a210
2020-07-02,fill,HD,-755.8200073242188,3.0,251.94000244140625,buy,session,2020-07-02-9505a210
2020-07-02,fill,IEX,-157.4499969482422,1.0,157.4499969482422,buy,session,2020-07-02-9505a210
2020-07-02,fill,ILMN,-362.48052978515625,1.0,362.48052978515625,buy,session,2020-07-02-9505a210
2020-07-02,fill,INTC,-828.6599807739258,14.0,59.18999862670898,buy,session,2020-07-02-9505a210
2020-07-02,fill,ITW,-174.99000549316406,1.0,174.99000549316406,buy,session,2020-07-02-9505a210
2020-07-02,fill,JNJ,-423.75,3.0,141.25,buy,session,2020-07-02-9505a210
2020-07-02,fill,LMT,-363.5299987792969,1.0,363.5299987792969,buy,session,2020-07-02-9505a210
2020-07-02,fill,MCD,-187.0,1.0,187.0,buy,session,2020-07-02-9505a210
2020-07-02,fill,MSFT,-205.67999267578125,1.0,205.67999267578125,buy,session,2020-07-02-9505a210
2020-07-02,fill,MSI,-137.66000366210938,1.0,137.66000366210938,buy,session,2020-07-02-9505a210
2020-07-02,fill,NEM,-121.77999877929688,2.0,60.88999938964844,buy,session,2020-07-02-9505a210
2020-07-02,fill,NKE,-296.3399963378906,3.0,98.77999877929688,buy,session,2020-07-02-9505a210
2020-07-02,fill,NSC,-176.0500030517578,1.0,176.0500030517578,buy,session,2020-07-02-9505a210
2020-07-02,fill,NXPI,-114.22000122070312,1.0,114.22000122070312,buy,session,2020-07-02-9505a210
2020-07-02,fill,ORCL,-111.58000183105467,2.0,55.790000915527344,buy,session,2020-07-02-9505a210
2020-07-02,fill,PG,-121.0,1.0,121.0,buy,session,2020-07-02-9505a210
2020-07-02,fill,PH,-183.8099975585937,1.0,183.8099975585937,buy,session,2020-07-02-9505a210
2020-07-02,fill,PM,-142.0,2.0,71.0,buy,session,2020-07-02-9505a210
2020-07-02,fill,REGN,-612.0999755859375,1.0,612.0999755859375,buy,session,2020-07-02-9505a210
2020-07-02,fill,TROW,-124.8499984741211,1.0,124.8499984741211,buy,session,2020-07-02-9505a210
2020-07-02,fill,TXN,-379.1699981689453,3.0,126.38999938964844,buy,session,2020-07-02-9505a210
2020-07-02,fill,UNP,-338.3599853515625,2.0,169.17999267578125,buy,session,2020-07-02-9505a210
2020-07-06,fill,AKAM,116.0,1.0,116.0,sell,session,2020-07-06-3ea4020d
2020-07-06,fill,AMAT,124.77999877929688,2.0,62.38999938964844,sell,session,2020-07-06-3ea4020d
2020-07-06,fill,AMGN,260.0299987792969,1.0,260.0299987792969,sell,session,2020-07-06-3ea4020d
2020-07-06,fill,COP,127.8900032043457,3.0,42.630001068115234,sell,session,2020-07-06-3ea4020d
2020-07-06,fill,ILMN,364.7859802246094,1.0,364.7859802246094,sell,session,2020-07-06-3ea4020d
2020-07-06,fill,MSFT,417.6600036621094,2.0,208.8300018310547,sell,session,2020-07-06-3ea4020d
2020-07-06,fill,NSC,177.41000366210938,1.0,177.41000366210938,sell,session,2020-07-06-3ea4020d
2020-07-06,fill,NXPI,115.68000030517578,1.0,115.68000030517578,sell,session,2020-07-06-3ea4020d
2020-07-06,fill,PFE,431.0721130371094,13.0,33.159393310546875,sell,session,2020-07-06-3ea4020d
2020-07-06,fill,PG,121.7699966430664,1.0,121.7699966430664,sell,session,2020-07-06-3ea4020d
2020-07-06,fill,REGN,635.0,1.0,635.0,sell,session,2020-07-06-3ea4020d
2020-07-06,fill,TXN,127.51000213623048,1.0,127.51000213623048,sell,session,2020-07-06-3ea4020d
2020-07-06,fill,UNP,171.0800018310547,1.0,171.0800018310547,sell,session,2020-07-06-3ea4020d
2020-07-06,fill,ADSK,-243.32000732421875,1.0,243.32000732421875,buy,session,2020-07-06-3ea4020d
2020-07-06,fill,CME,-166.3300018310547,1.0,166.3300018310547,buy,session,2020-07-06-3ea4020d
2020-07-06,fill,CSCO,-322.4899978637696,7.0,46.06999969482422,buy,session,2020-07-06-3ea4020d
2020-07-06,fill,FIS,-139.1699981689453,1.0,139.1699981689453,buy,session,2020-07-06-3ea4020d
2020-07-06,fill,MCD,-186.0,1.0,186.0,buy,session,2020-07-06-3ea4020d
2020-07-06,fill,META,-1636.3199615478516,7.0,233.759994506836,buy,session,2020-07-06-3ea4020d
2020-07-06,fill,SBUX,-149.86000061035156,2.0,74.93000030517578,buy,session,2020-07-06-3ea4020d
2020-07-06,fill,TRMB,-130.62000274658203,3.0,43.540000915527344,buy,session,2020-07-06-3ea4020d
2020-07-07,purification_post,,-0.0057986021227025,,,ex-date impure dividend,session,
2020-07-07,fill,ADI,121.69000244140624,1.0,121.69000244140624,sell,session,2020-07-07-67411de8
2020-07-07,fill,ADSK,243.1199951171875,1.0,243.1199951171875,sell,session,2020-07-07-67411de8
2020-07-07,fill,AMAT,190.1400032043457,3.0,63.380001068115234,sell,session,2020-07-07-67411de8
2020-07-07,fill,CRM,197.6600036621093,1.0,197.6600036621093,sell,session,2020-07-07-67411de8
2020-07-07,fill,DGX,117.1500015258789,1.0,117.1500015258789,sell,session,2020-07-07-67411de8
2020-07-07,fill,ITW,176.83999633789062,1.0,176.83999633789062,sell,session,2020-07-07-67411de8
2020-07-07,fill,JNJ,141.38999938964844,1.0,141.38999938964844,sell,session,2020-07-07-67411de8
2020-07-07,fill,MCD,374.739990234375,2.0,187.3699951171875,sell,session,2020-07-07-67411de8
2020-07-07,fill,META,1197.0500183105469,5.0,239.4100036621093,sell,session,2020-07-07-67411de8
2020-07-07,fill,MSFT,631.3499908447266,3.0,210.4499969482422,sell,session,2020-07-07-67411de8
2020-07-07,fill,PH,184.8000030517578,1.0,184.8000030517578,sell,session,2020-07-07-67411de8
2020-07-07,fill,SBUX,150.25999450683594,2.0,75.12999725341797,sell,session,2020-07-07-67411de8
2020-07-07,fill,TROW,123.62000274658205,1.0,123.62000274658205,sell,session,2020-07-07-67411de8
2020-07-07,fill,TXN,257.4599914550781,2.0,128.72999572753906,sell,session,2020-07-07-67411de8
2020-07-07,fill,AKAM,-112.5,1.0,112.5,buy,session,2020-07-07-67411de8
2020-07-07,fill,AMGN,-507.2000122070313,2.0,253.6000061035156,buy,session,2020-07-07-67411de8
2020-07-07,fill,CME,-164.24000549316406,1.0,164.24000549316406,buy,session,2020-07-07-67411de8
2020-07-07,fill,DG,-185.9199981689453,1.0,185.9199981689453,buy,session,2020-07-07-67411de8
2020-07-07,fill,GILD,-152.97999572753906,2.0,76.48999786376953,buy,session,2020-07-07-67411de8
2020-07-07,fill,GPN,-170.3000030517578,1.0,170.3000030517578,buy,session,2020-07-07-67411de8
2020-07-07,fill,HD,-247.3699951171875,1.0,247.3699951171875,buy,session,2020-07-07-67411de8
2020-07-07,fill,INTC,-118.13999938964844,2.0,59.06999969482422,buy,session,2020-07-07-67411de8
2020-07-07,fill,LOW,-134.50999450683594,1.0,134.50999450683594,buy,session,2020-07-07-67411de8
2020-07-07,fill,NEM,-121.72000122070312,2.0,60.86000061035156,buy,session,2020-07-07-67411de8
2020-07-07,fill,PFE,-290.7495346069336,9.0,32.305503845214844,buy,session,2020-07-07-67411de8
2020-07-07,fill,PG,-242.6000061035156,2.0,121.3000030517578,buy,session,2020-07-07-67411de8
2020-07-07,fill,PGR,-158.1999969482422,2.0,79.0999984741211,buy,session,2020-07-07-67411de8
2020-07-07,fill,PYPL,-533.0700073242188,3.0,177.69000244140625,buy,session,2020-07-07-67411de8
2020-07-07,fill,REGN,-636.030029296875,1.0,636.030029296875,buy,session,2020-07-07-67411de8
2020-07-07,fill,VRTX,-292.29998779296875,1.0,292.29998779296875,buy,session,2020-07-07-67411de8
2020-07-07,fill,ZTS,-138.3300018310547,1.0,138.3300018310547,buy,session,2020-07-07-67411de8
